,index,Grad,Lon,Lat,IDUSGS,IDORIG,IDDB,SOURCE,REFERENCE,LATLONGAPX,API,USGSPROV,USGSREGION,BASIN,BASINCODE,STATE,STATECODE,COUNTY,COUNTYCODE,FIELD,FIELDCODE,WELLNAME,WELLCODE,WELLTYPE,WELLCLASS,TOWNRANGE,REGDIST,LOC,QUAD,TIMESERIES,DAY,DATECOMP,DATESAMPLE,DATEANALYS,METHOD,OPERATOR,PERMIT,DFORM,GROUP,FORMATION,MEMBER,AGECODE,ERA,PERIOD,EPOCH,DEPTHUPPER,DEPTHLOWER,DEPTHWELL,ELEVATION,LAB,REMARKS,LITHOLOGY,POROSITY,TEMP,PRESSURE,SG,SPGRAV,SPGRAVT,RESIS,RESIST,PH,PHT,EHORP,COND,CONDT,TURBIDITY,HEM,MBAS,UNITS,TDSUSGS,TDS,TDSCALC,TSS,CHARGEBAL,chargebalance,Ag,Al,As,B,BO3,Ba,Be,Bi,Br,CO2,CO3,HCO3,Ca,Cd,Cl,Co,Cr,Cs,Cu,F,FeTot,FeIII,FeII,FeS,FeAl,FeAl2O3,Hg,I,K,KNa,Li,Mg,Mn,Mo,N,NO2,NO3,NO3NO2,NH3,NH4,TKN,Na,Ni,DO,OH,P,PO4,Pb,Rh,Rb,S,SO3,SO4,HS,H2S,Sb,Sc,Se,Si,Sn,Sr,Th,Ti,Tl,U,V,Zn,ALKCACO3,ALKHCO3,ACIDITY,DIC,DOC,TOC,CN,BOD,COD,ACETATE,ACETICACID,BENZENE,PHENOLS,TOLUENE,XYLENE,ETHYLBENZ,ALPHA,BETA,dD,H3,d13C,C14,d18O,d34S,d37Cl,K40,d81Br,Sr87Sr86,I129,Rn222,Ra226,Ra228,cull_PH,cull_MgCa,cull_KCl,cull_K5Na,cull_chargeb,Depth,Lat_OLD,Lon_OLD,TempSur,TempSur_celsius,TemperatureSMU,DepthID,geometry,index_right,level_0,level_1
0,15847,45.3,-109.1,34.2,12847,2000031,USGSBREIT,Chem Lab,,,2000000000000.0,,Colorado Plateau and Basin and Range,Black Mesa,590.0,Arizona,,Apache,1.0,Wildcat,04-768291,State No. 1,,Conventional Hydrocarbon,WF,N 9  E 31  20,,,,,,,30/03/1959,,Dst,,,Granite Wash,,Supsi,,320.0,Paleozoic,Pennsylvanian,,2320.0,2340.0,2921.0,7274.0,,,,,,,1.003,,,1.6,68.0,8.3,,,,,,,,ppm,5849.0,5832.0,,,,0.0,,,,,,,,,,,,854.0,439.0,,730.0,,,,,,,,,,,,,,,,,66.0,,,,,,,,,,1464.0,,,,,,,,,,,2712.0,,,,,,,,,,,,,,,,,,,,,,,,,,,,,,,,,,,,,,,,,,,,,,,,,,,,0.7101839999999999,34.15717,-109.08464,276.5,3.0,35.171335199999994,A584,POINT (-109.08464 34.15717),0.0,3.0,0.0
1,15949,24.0,-109.9,34.4,12823,2000005,USGSBREIT,Stanolind Oil And Gas Company,,,2020000000000.0,,Colorado Plateau and Basin and Range,Black Mesa,590.0,Arizona,,Navajo,17.0,Wildcat,04-768291,1 Nmex & Ariz Land Co,,Conventional Hydrocarbon,WF,N 12  E 23  25,,,,,,,14/05/1959,,Dst No. 3,,,,,Supai Lower Pennsylvanian,,321.0,,,,2700.0,2740.0,4497.0,6250.0,,,,,,,1.191,1.191,,0.0402,77.0,7.5,,,,,,,,mg/L,360142.0,360142.0,,,,0.0,,,,,,,,,,,,72.65,3437.0,,216232.01,,,,,,,,,,,,,,,,,934.94,,,,,,,,,,136206.33,,,,,,,,,,,3259.77,,,,,,,,,,,,,,,,,,,,,,,,,,,,,,,,,,,,,,,,,,,,,,,,,,,,0.8290559999999999,34.41317,-109.85537,278.9,6.0,25.897344,A323,POINT (-109.85537 34.41317),0.0,3.0,0.0
2,15950,24.0,-109.9,34.4,12824,2000006,USGSBREIT,Stanolind Oil And Gas Company,,,2020000000000.0,,Colorado Plateau and Basin and Range,Black Mesa,590.0,Arizona,,Navajo,17.0,Wildcat,04-768291,1 Nmex & Ariz Land Co,,Conventional Hydrocarbon,WF,N 12  E 23  25,,,,,,,14/05/1959,,Dst No. 3,,,,,Supai Lower Pennsylvanian,,321.0,,,,2700.0,2740.0,4497.0,6250.0,,,,,,,1.19,1.19,,0.0402,77.0,7.4,,,,,,,,mg/L,356005.0,356005.0,,,,0.0,,,,,,,,,,,,86.87,3315.0,,213519.32,,,,,,,,,,,,,,,,,704.48,,,,,,,,,,135049.53,,,,,,,,,,,3329.62,,,,,,,,,,,,,,,,,,,,,,,,,,,,,,,,,,,,,,,,,,,,,,,,,,,,0.8290559999999999,34.41317,-109.85537,278.9,6.0,25.897344,A323,POINT (-109.85537 34.41317),0.0,3.0,0.0
3,15951,24.0,-109.9,34.4,12825,2000007,USGSBREIT,Stanolind Oil And Gas Company,,,2020000000000.0,,Colorado Plateau and Basin and Range,Black Mesa,590.0,Arizona,,Navajo,17.0,Wildcat,04-768291,1 Nmex & Ariz Land Co,,Conventional Hydrocarbon,WF,N 12  E 23  25,,,,,,,29/05/1959,,Dst No. 4,,,,,Maco Lower Mississippian,,330.0,,,,4065.0,4140.0,4497.0,6250.0,,,Sandstone,,,,1.102,1.102,,0.0564,77.0,6.8,,,,,,,,mg/L,171351.0,171351.0,,,,0.0,,,,,,,,,,,,1226.53,2826.0,,98473.62,,,,,,,,,,,,,,,,,698.67,,,,,,,,,,62498.83,,,,,,,,,,,5626.81,,,,,,,,,,,,,,,,,,,,,,,,,,,,,,,,,,,,,,,,,,,,,,,,,,,,1.2504419999999998,34.41317,-109.85537,278.9,6.0,36.010608,A611,POINT (-109.85537 34.41317),0.0,3.0,0.0
4,15952,24.0,-109.9,34.4,12826,2000008,USGSBREIT,Stanolind Oil And Gas Company,,,2020000000000.0,,Colorado Plateau and Basin and Range,Black Mesa,590.0,Arizona,,Navajo,17.0,Wildcat,04-768291,1 Nmex & Ariz Land Co,,Conventional Hydrocarbon,WF,N 12  E 23  25,,,,,,,29/05/1954,,Dst No. 4,,,,,Naco Lower Mississippian,,330.0,,,,4065.0,4140.0,4497.0,6250.0,,,,,,,1.106,1.106,,0.0557,77.0,7.3,,,,,,,,mg/L,175262.0,175262.0,,,,0.0,,,,,,,,,,,,1133.65,2527.0,,101184.62,,,,,,,,,,,,,,,,,1302.87,,,,,,,,,,63443.48,,,,,,,,,,,5670.46,,,,,,,,,,,,,,,,,,,,,,,,,,,,,,,,,,,,,,,,,,,,,,,,,,,,1.2504419999999998,34.41317,-109.85537,278.9,6.0,36.010608,A611,POINT (-109.85537 34.41317),0.0,3.0,0.0
5,15953,24.0,-109.9,34.4,12827,2000009,USGSBREIT,Stanolind Oil And Gas Company,,,2020000000000.0,,Colorado Plateau and Basin and Range,Black Mesa,590.0,Arizona,,Navajo,17.0,Wildcat,04-768291,1 Nmex & Ariz Land Co,,Conventional Hydrocarbon,WF,N 12  E 23  25,,,,,,,06/06/1959,,Dst #6,,,,,Devonian,,,,,,4148.0,4250.0,4497.0,6250.0,,,,,,,1.106,1.106,,0.0554,77.0,7.0,,,,,,,,mg/L,176551.0,176551.0,,,,0.0,,,,,,,,,,,,1656.79,1883.0,,100400.47,,,,,,,,,,,,,,,,,634.84,,,,,,,,,,65515.02,,,,,,,,,,,6461.25,,,,,,,,,,,,,,,,,,,,,,,,,,,,,,,,,,,,,,,,,,,,,,,,,,,,1.2798552,34.41317,-109.85537,278.9,6.0,36.7165248,A632,POINT (-109.85537 34.41317),0.0,3.0,0.0
6,15954,24.0,-109.9,34.4,12828,2000010,USGSBREIT,Stanolind Oil And Gas Company,,,2020000000000.0,,Colorado Plateau and Basin and Range,Black Mesa,590.0,Arizona,,Navajo,17.0,Wildcat,04-768291,1 Nmex & Ariz Land Co,,Conventional Hydrocarbon,WF,N 12  E 23  25,,,,,,,06/06/1959,,Dst #6,,,,,Devonian,,,,,,4148.0,4250.0,4497.0,6250.0,,,,,,,1.108,1.108,,0.0557,77.0,7.0,,,,,,,,mg/L,180314.0,180314.0,,,,0.0,,,,,,,,,,,,2304.64,1886.0,,101995.83,,,,,,,,,,,,,,,,,635.99,,,,,,,,,,66866.69,,,,,,,,,,,6624.73,,,,,,,,,,,,,,,,,,,,,,,,,,,,,,,,,,,,,,,,,,,,,,,,,,,,1.2798552,34.41317,-109.85537,278.9,6.0,36.7165248,A632,POINT (-109.85537 34.41317),0.0,3.0,0.0
7,16114,20.8,-109.3,34.7,12857,2000041,USGSBREIT,,,,2000000000000.0,,Colorado Plateau and Basin and Range,Black Mesa,590.0,Arizona,,Apache,1.0,Wildcat,,#1 Townsend & Harris,,Conventional Hydrocarbon,WF,N 15  E 29  21,,,,,,,21/07/1958,,,,,,,Coconino,,,,,,300.0,419.0,750.0,5707.0,,,,,,,1.001,1.001,60.0,1.37,68.0,7.4,,,,,,,,mg/L,4700.0,4700.0,,,,1.5,,,,,,,,,,,,212.0,164.0,,2210.0,,,,,,,,,,,,,,,,,43.0,,,,,,,,,,1514.0,,,,,,,,,,,456.0,,,,,,,,,,,,,,,,,,,,,,,,,,,,,,,,,,,,,,,,,,,,,,,,,,,,0.1095756,34.69239,-109.26612,277.4,4.0,6.27917248,A16,POINT (-109.26612 34.69239),0.0,3.0,0.0
8,16205,23.0,-110.2,34.8,12820,2000001,USGSBREIT,Stanolind Oil And Gas Company,,,2020000000000.0,,Colorado Plateau and Basin and Range,Black Mesa,590.0,Arizona,,Navajo,17.0,Wildcat,04-768291,1 Aztec Land-cattle A,,Conventional Hydrocarbon,WF,N 16  E 20  5,,,,,,,09/07/1959,,Dst #5,,,Granite Wash,,Mississippian - Devonian,,320.0,Paleozoic,Pennsylvanian,,3627.0,3722.0,4003.0,5442.0,,,Shale,,,,1.06,1.06,,0.093,77.0,7.2,,,,,,,,mg/L,90739.0,90739.0,,,,0.0,,,,,,,,,,,,3097.32,1393.0,,44353.58,,,,,,,,,,,,,,,,,332.84,,,,,,,,,,32204.92,,,,,,,,,,,9356.62,,,,,,,,,,,,,,,,,,,,,,,,,,,,,,,,,,,,,,,,,,,,,,,,,,,,1.1199876,34.8143,-110.23744,278.8,6.0,31.7597148,A481,POINT (-110.23744 34.8143),0.0,3.0,0.0
9,16206,23.0,-110.2,34.8,12821,2000002,USGSBREIT,Stanolind Oil And Gas Company,,,2020000000000.0,,Colorado Plateau and Basin and Range,Black Mesa,590.0,Arizona,,Navajo,17.0,Wildcat,04-768291,1 Aztec Land-cattle A,,Conventional Hydrocarbon,WF,N 16  E 20  5,,,,,,,09/07/1959,,Dst #5,,,Granite Wash,,Mississippian - Devonian,,320.0,Paleozoic,Pennsylvanian,,3627.0,3722.0,4003.0,5442.0,,,,,,,1.056,1.056,,0.099,77.0,7.2,,,,,,,,mg/L,84980.0,84980.0,,,,0.6,,,,,,,,,,,,2886.05,1142.0,,40441.63,,,,,,,,,,,,,,,,,434.02,,,,,,,,,,30251.23,,,,,,,,,,,9825.02,,,,,,,,,,,,,,,,,,,,,,,,,,,,,,,,,,,,,,,,,,,,,,,,,,,,1.1199876,34.8143,-110.23744,278.8,6.0,31.7597148,A481,POINT (-110.23744 34.8143),0.0,3.0,0.0
10,16207,24.0,-110.4,34.8,12822,2000004,USGSBREIT,Stanolind Oil And Gas Company,,,2020000000000.0,,Colorado Plateau and Basin and Range,Black Mesa,590.0,Arizona,,Navajo,17.0,Wildcat,04-768291,1 Aztec Land-cattle B,,Conventional Hydrocarbon,WF,N 16  E 18  9,,,,,,,14/08/1959,,Dst No. 2,,,Devonian,,Mississippian - Devonian,,340.0,Paleozoic,Devonian,,3625.0,3681.0,3936.0,5691.0,,,Dolomite,,,,1.06,1.06,,,,7.4,,,,,,,,mg/L,89230.0,89230.0,,,,0.0,,,,,,,,,,,,1843.34,934.92,,44728.82,,,,,,,,,,,,,,,,,421.88,,,,,,,,,,32212.34,,,,,,,,,,,9089.5,,,,,,,,,,,,,,,,,,,,,,,,,,,,,,,,,,,,,,,,,,,,,,,,,,,,1.1134343999999998,34.79858,-110.43695,279.6,6.0,32.722425599999994,A511,POINT (-110.43695 34.79858),0.0,3.0,0.0
11,16530,37.5,-109.5,35.1,12855,2000039,USGSBREIT,Chemical & Geological Laboratories,,,2000000000000.0,,Colorado Plateau and Basin and Range,Black Mesa,590.0,Arizona,,Apache,1.0,Wildcat,04-768291,2 Santa Fe,,Conventional Hydrocarbon,WF,N 20  E 27  7,,,,,,,08/04/1960,,Dst No. 1,,,Coconino,,Coconino,,318.0,Paleozoic,Permian,Leonard,1135.0,1166.0,1240.0,5776.0,,,Sandstone,,,,1.027,,,0.19,68.0,8.2,,,,,,,,ppm,40950.0,39873.0,,,,0.0,,,,,,,,,,,,354.0,908.0,,22700.0,,,,,,,,,,,,,,,,,134.0,,,,,,,,,,14337.0,,,,,,,,,,,1620.0,,,,,,,,,,,,,,,,,,,,,,,,,,,,,,,,,,,,,,,,,,,,,,,,,,,,0.3506724,35.14821,-109.51492,277.3,4.0,17.150215,A129,POINT (-109.51492 35.14821),0.0,3.0,0.0
12,17605,32.3,-114.5,35.8,121730,14954,NATCARB,2007_05_08_great_basin_brine CHEMID: 34505,,,,,Colorado Plateau and Basin and Range,Great Basin,,Arizona,2.0,,15.0,unknown_field_953,,NWIS Well B-28-21 26BBD,,Geothermal,,28 N 21 W 26,,,,,,,24/03/1982,,,,,,,,,,,,,,400.0,,,,Site Type: Well; Site Area: ,,,,,,,55.0,,55.0,7.4,55.0,,,55.0,,,,ppm,,,,,,13.6,,,,,,,,,,,,,136.0,,28.0,,,,,,,,,,,,,,,,,52.0,,,,,,,,,,,,,,,,,,,,,366.0,,,,,,,,,,,,,,,,,,,,,,,,,,,,,,,,,,,,,,,,,,,,,,,,,,,,0.1219199999999999,35.7911,-114.50219,286.2,13.0,16.938015999999998,,POINT (-114.50219 35.7911),0.0,3.0,0.0
13,17826,29.5,-114.3,36.0,148158,100891,NATCARB,2007_05_08_great_basin_brine CHEMID: 34613,,,,,Colorado Plateau and Basin and Range,Great Basin,,Arizona,2.0,,15.0,unknown_field_990,,NWIS Well B-31-19 32ADA,,Geothermal,,31 N 19 W 32,,,,,,,21/06/1967,,,,,,,,,,,,,,200.0,,,,Site Type: Well; Site Area: ,,,,,,,75.0,,75.0,8.0,75.0,,,75.0,,,,ppm,,,,,,-12.2,,,,,,,,,,,,,50.0,,36.0,,,,,0.8,,,,,,,,,,,,11.0,,,,,,,,,,,,,,,,,,,,,160.0,,,,,,,,,,,,,,,,,,,,,,,,,,,,,,,,,,,,,,,,,,,,,,,,,,,,0.0609599999999999,36.03471,-114.33747,289.2,16.0,17.79832,,POINT (-114.33747 36.03471),0.0,3.0,0.0
14,17827,23.2,-114.5,36.0,153110,105853,NATCARB,2007_05_08_great_basin_brine CHEMID: 34603,,,,,Colorado Plateau and Basin and Range,Great Basin,,Arizona,2.0,,15.0,unknown_field_991,,NWIS Well B-30-20 06CAD  UNSURV,,Geothermal,,30 N 20 W 6,,,,,,,03/07/1991,,,,,,,,,,,,,,590.0,,,,Site Type: Well; Site Area: ,,,,,1.0,,78.0,,78.0,7.7,78.0,,,78.0,,,,ppm,1017.0,,,,,7.4,,,,0.36,,,,,,,,,140.0,,140.0,,,,,0.8,0.013,,,,,,,,8.2,,0.099,39.0,0.002,,,,,,,,,160.0,,,,,,,,,,,530.0,,,,,,,,,,,,,,,,,,,,,,,,,,,,,,,,,,,,,,,,,,,,,,,,,,,,0.179832,36.01471,-114.47053,287.7,15.0,19.1721024,,POINT (-114.47053 36.01471),0.0,3.0,0.0
15,17828,23.2,-114.5,36.0,153112,105855,NATCARB,2007_05_08_great_basin_brine CHEMID: 34605,,,,,Colorado Plateau and Basin and Range,Great Basin,,Arizona,2.0,,15.0,unknown_field_992,,NWIS Well B-30-20 06CAD  UNSURV,,Geothermal,,30 N 20 W 6,,,,,,,25/02/1993,,,,,,,,,,,,,,590.0,,,,Site Type: Well; Site Area: ,,,,,1.0,,78.0,,78.0,7.6,78.0,,,78.0,,,,ppm,907.0,,,,,11.5,,,,0.36,,,,,,,,,130.0,,120.0,,,,,0.8,,,,,,,,,7.5,,0.092,37.0,,,,,,,,,,150.0,,,,,,,,,,,460.0,,,,,,,,2.9,,,,,,,,,,,,,,,,,,,,,,,,,,,,,,,,,,,,,,,,,,,,0.179832,36.01471,-114.47053,287.7,15.0,19.1721024,,POINT (-114.47053 36.01471),0.0,3.0,0.0
16,17829,23.2,-114.5,36.0,153113,105856,NATCARB,2007_05_08_great_basin_brine CHEMID: 34606,,,,,Colorado Plateau and Basin and Range,Great Basin,,Arizona,2.0,,15.0,unknown_field_993,,NWIS Well B-30-20 06CAD  UNSURV,,Geothermal,,30 N 20 W 6,,,,,,,20/01/1994,,,,,,,,,,,,,,590.0,,,,Site Type: Well; Site Area: ,,,,,1.0,,76.0,,76.0,7.5,76.0,,,76.0,,,,ppm,914.0,,,,,8.1,,,,0.37,,,,,,,,,130.0,,120.0,,,,,1.1,,,,,,,,,7.7,,,36.0,,,,,,,,,,140.0,,,,,,,,,,,480.0,,,,,,,,,,,,,,,,,,,,,,,,,,,,,,,,,,,,,,,,,,,,,,,,,,,,0.179832,36.01471,-114.47053,287.7,15.0,19.1721024,,POINT (-114.47053 36.01471),0.0,3.0,0.0
17,17830,23.2,-114.5,36.0,153114,105857,NATCARB,2007_05_08_great_basin_brine CHEMID: 34607,,,,,Colorado Plateau and Basin and Range,Great Basin,,Arizona,2.0,,15.0,unknown_field_994,,NWIS Well B-30-20 06CAD  UNSURV,,Geothermal,,30 N 20 W 6,,,,,,,01/02/1996,,,,,,,,,,,,,,590.0,,,,Site Type: Well; Site Area: ,,,,,1.0,,76.0,,76.0,7.6,76.0,,,76.0,,,,ppm,872.0,,,,,10.5,,,,0.36,,,,,,,,,120.0,,130.0,,,,,1.0,0.003,,,,,,,,7.4,,,35.0,,,,,,,,,,150.0,,,,,,,,,,,430.0,,,,,,,,,,,,,,0.01,,,,,,,,,,,,,,,,,,,,,,,,,,,,,,,,,,,,,,0.179832,36.01471,-114.47053,287.7,15.0,19.1721024,,POINT (-114.47053 36.01471),0.0,3.0,0.0
18,17831,23.2,-114.5,36.0,153115,105858,NATCARB,2007_05_08_great_basin_brine CHEMID: 34608,,,,,Colorado Plateau and Basin and Range,Great Basin,,Arizona,2.0,,15.0,unknown_field_995,,NWIS Well B-30-20 06CAD  UNSURV,,Geothermal,,30 N 20 W 6,,,,,,,15/07/1997,,,,,,,,,,,,,,590.0,,,,Site Type: Well; Site Area: ,,,,,1.0,,77.0,,77.0,7.6,77.0,,,77.0,,,,ppm,848.0,,,,,11.6,,,,0.354,,,,,,,,,118.0,,131.0,,,,,1.0,0.012,,,,,,,,7.17,,,33.3,0.0022,,,,,,,,,151.0,,,,,,,,,,,408.0,,,,,,,,,,,,,,,,,,,,,,,,,,,,,,,,,,,,,,,,,,,,,,,,,,,,0.179832,36.01471,-114.47053,287.7,15.0,19.1721024,,POINT (-114.47053 36.01471),0.0,3.0,0.0
19,17832,23.2,-114.5,36.0,153116,105859,NATCARB,2007_05_08_great_basin_brine CHEMID: 34609,,,,,Colorado Plateau and Basin and Range,Great Basin,,Arizona,2.0,,15.0,unknown_field_996,,NWIS Well B-30-20 06CAD  UNSURV,,Geothermal,,30 N 20 W 6,,,,,,,14/07/1998,,,,,,,,,,,,,,590.0,,,,Site Type: Well; Site Area: ,,,,,1.0,,77.0,,77.0,7.7,77.0,,,77.0,,,,ppm,799.0,,,,,11.2,,,,0.35,,,,,,,,,110.0,,129.0,,,,,1.0,,,,,,,,,7.81,,,31.4,,,,,,,,,,142.0,,,,,,,,,,,379.0,,,,,,,,,,,,,,,,,,,,,,,,,,,,,,,,,,,,,,,,,,,,,,,,,,,,0.179832,36.01471,-114.47053,287.7,15.0,19.1721024,,POINT (-114.47053 36.01471),0.0,3.0,0.0
20,17833,23.2,-114.5,36.0,153117,105860,NATCARB,2007_05_08_great_basin_brine CHEMID: 34610,,,,,Colorado Plateau and Basin and Range,Great Basin,,Arizona,2.0,,15.0,unknown_field_997,,NWIS Well B-30-20 06CAD  UNSURV,,Geothermal,,30 N 20 W 6,,,,,,,21/01/1999,,,,,,,,,,,,,,590.0,,,,Site Type: Well; Site Area: ,,,,,1.0,,77.0,,77.0,7.7,77.0,,,77.0,,,,ppm,791.0,,,,,7.8,,,,0.342,,,,,,,,,101.0,,125.0,,,,,1.0,0.006,,,,,,,,7.13,,,29.8,,,,,,,,,,137.0,,,,,,,,,,,391.0,,,,,,,,,,,,,,,,,,,,,,,,,,,,,,,,,,,,,,,,,,,,,,,,,,,,0.179832,36.01471,-114.47053,287.7,15.0,19.1721024,,POINT (-114.47053 36.01471),0.0,3.0,0.0
21,17834,23.2,-114.5,36.0,153118,105861,NATCARB,2007_05_08_great_basin_brine CHEMID: 34611,,,,,Colorado Plateau and Basin and Range,Great Basin,,Arizona,2.0,,15.0,unknown_field_998,,NWIS Well B-30-20 06CAD  UNSURV,,Geothermal,,30 N 20 W 6,,,,,,,11/05/2000,,,,,,,,,,,,,,590.0,,,,Site Type: Well; Site Area: ,,,,,1.0,,77.0,,77.0,7.7,77.0,,,77.0,,,,ppm,767.0,,,,,11.4,,,,0.321,,,,,,,,,106.0,,124.0,,,,,1.1,,,,,,,,,6.39,,,29.7,0.0014,,,,,,,,,138.0,,,,,,,,,,,363.0,,,,,,,,,,,,,,,,,,,,,,,,,,,,,,,,,,,,,,,,,,,,,,,,,,,,0.179832,36.01471,-114.47053,287.7,15.0,19.1721024,,POINT (-114.47053 36.01471),0.0,3.0,0.0
22,17835,23.2,-114.5,36.0,157997,110745,NATCARB,2007_05_08_great_basin_brine CHEMID: 34600,,,,,Colorado Plateau and Basin and Range,Great Basin,,Arizona,2.0,,15.0,unknown_field_999,,NWIS Well B-30-20 06CAD  UNSURV,,Geothermal,,30 N 20 W 6,,,,,,,01/03/1972,,,,,,,,,,,,,,590.0,,,,Site Type: Well; Site Area: ,,,,,1.0,,75.0,,75.0,7.5,75.0,,,75.0,,,,ppm,970.0,,,,,9.1,,,,,,,,,,,,,140.0,,160.0,,,,,1.2,0.01,,,,,,,,7.9,,,42.0,0.01,,,,,,,,,150.0,,,,,,,,,,,470.0,,,,,,,,,,,,,,,,,,,,,,,,,,,,,,,,,,,,,,,,,,,,,,,,,,,,0.179832,36.01471,-114.47053,287.7,15.0,19.1721024,,POINT (-114.47053 36.01471),0.0,3.0,0.0
23,17836,23.2,-114.5,36.0,157998,110746,NATCARB,2007_05_08_great_basin_brine CHEMID: 34601,,,,,Colorado Plateau and Basin and Range,Great Basin,,Arizona,2.0,,15.0,unknown_field_1000,,NWIS Well B-30-20 06CAD  UNSURV,,Geothermal,,30 N 20 W 6,,,,,,,22/07/1986,,,,,,,,,,,,,,590.0,,,,Site Type: Well; Site Area: ,,,,,1.0,,76.0,,76.0,7.6,76.0,,,76.0,,,,ppm,1218.0,,,,,5.0,,,0.012,0.38,,0.029,,,,,,,180.0,,140.0,,,,,0.9,0.021,,,,,,,,7.8,,0.11,46.0,0.001,0.01,,,,,,,,160.0,,,,,,,,,,,680.0,,,,,,,,3.8,,,,,0.016,0.025,,,,,,,,,,,,,,,,,,,,,,,,,,,,,,,,,,,,,,0.179832,36.01471,-114.47053,287.7,15.0,19.1721024,,POINT (-114.47053 36.01471),0.0,3.0,0.0
24,17837,23.2,-114.5,36.0,157999,110747,NATCARB,2007_05_08_great_basin_brine CHEMID: 34602,,,,,Colorado Plateau and Basin and Range,Great Basin,,Arizona,2.0,,15.0,unknown_field_1001,,NWIS Well B-30-20 06CAD  UNSURV,,Geothermal,,30 N 20 W 6,,,,,,,16/05/1990,,,,,,,,,,,,,,590.0,,,,Site Type: Well; Site Area: ,,,,,1.0,,76.0,,76.0,7.7,76.0,,,76.0,,,,ppm,1061.0,,,,,7.6,,,,0.36,,,,,,,,,150.0,,140.0,,,,,0.7,0.014,,,,,,,,7.8,,0.097,43.0,0.002,,,,,,,,,160.0,,,,,,,,,,,560.0,,,,,,,,,,,,,,,,,,,,,,,,,,,,,,,,,,,,,,,,,,,,,,,,,,,,0.179832,36.01471,-114.47053,287.7,15.0,19.1721024,,POINT (-114.47053 36.01471),0.0,3.0,0.0
25,18657,21.0,-109.2,36.5,12898,2000082,USGSBREIT,U.s. Dept. Of The Interior Bureau Of Mines,,Latitude and Longitude are approximate,,,Colorado Plateau and Basin and Range,Black Mesa,590.0,Arizona,,Apache,1.0,Dineh - Bi - Keyah,04-192820,Navajo Lease,,Conventional Hydrocarbon,,N 36  E 30  29,,,,,,,29/06/1971,,Treator,,,,,Hermosa Lower,,,,,,2860.0,3920.0,,,,,,,,,1.012,1.012,,,,7.5,,,,,,,,mg/L,21775.0,21775.0,,,,10.3,,,,,,,,,20.0,,,770.0,1520.0,,11600.0,,,,,,,,,,,,,20.0,22.0,,1.0,52.0,,,,,,,,10.0,,7760.0,,,,,,,,,,,,,,,,,,,,,,,,,,,,,,,,,,,,,,,,,,,,,,,,,,,,,,,,,,,,,,,1.033272,36.486,-109.155,277.3,4.0,25.698712,,POINT (-109.155 36.486),0.0,3.0,0.0
26,18658,24.0,-109.5,36.5,12856,2000040,USGSBREIT,Chem Lab,,,2000000000000.0,,Colorado Plateau and Basin and Range,Black Mesa,590.0,Arizona,,Apache,1.0,Wildcat,,1 Navajo,,Conventional Hydrocarbon,WF,N 36  E 27  30,,,,,,,07/12/1967,,Swabbing,,,Aneth,,Pennsylvanian Tocito,,320.0,Paleozoic,Devonian,Upper Devonian,2404.0,2425.0,3313.0,,,,,,,,,,,0.061,68.0,6.3,,,,,,,,mg/L,204877.0,204877.0,,,,-0.6,,,,,,,,,,,,830.0,62208.0,,130000.0,,,,,,,,,,,,,,500.0,,,2002.0,,,,,,,,,,8348.0,,,,,,,,,,,410.0,,,,,,,,,,,,,,,,,,,,,,,,,,,,,,,,,,,,,,,,,,,,,,,,,,,,0.7359395999999999,36.49053,-109.48081,278.7,6.0,23.6625504,A273,POINT (-109.48081 36.49053),0.0,3.0,0.0
27,18659,19.9,-113.8,36.5,116189,7203,NATCARB,2007_05_08_great_basin_brine CHEMID: 34778,,,,,Colorado Plateau and Basin and Range,Great Basin,,Arizona,2.0,,15.0,unknown_field_1181,,NWIS Well B-36-15 25DCD,,Geothermal,,36 N 15 W 25,,,,,,,01/04/1987,,,,,,,,,,,,,,548.0,,,,Site Type: Well; Site Area: ,,,,,1.0,,71.0,,71.0,8.0,71.0,,,71.0,,,,ppm,1386.0,,,,,1.1,,,0.002,0.09,,,,,,,,,310.0,,15.0,,,,,0.2,0.03,,,,,,0.0004,,3.4,,,60.0,0.01,,,,,,,,,18.0,,,,,,,,,,,980.0,,,,,,,,,,,,,,0.16,,,,,,,,,,,,,,,,,,,,,,,,,,,,,,,,,,,,,,0.1670304,36.48554,-113.8494,285.4,12.0,15.32390496,,POINT (-113.8494 36.48554),0.0,3.0,0.0
28,18759,22.0,-109.4,36.6,12840,2000024,USGSBREIT,Pan American Petroleum Corporation,,,2000000000000.0,,Colorado Plateau and Basin and Range,Black Mesa,590.0,Arizona,,Apache,1.0,Wildcat,,1-23 Navajo,,Conventional Hydrocarbon,WF,N 37  E 27  23,,,,,,,21/03/1969,,Dst No. 1,,,Mississippian,,Pennsylvanian Hermosa Low,,320.0,Paleozoic,Mississippian,,3430.0,3630.0,3797.0,5741.0,,,,,,,1.041,1.041,74.0,0.125,77.0,6.6,,,,,,,,mg/L,55347.0,55347.0,,,,-0.4,,,,,,,,,,,,207.0,5300.0,,33000.0,,,,,,,,,,,,,,409.0,,,698.0,,,,,,,,,,14333.0,,,,,,,,,,,1400.0,,,,,,,,,,,,,,,,,,,,,,,,,,,,,,,,,,,,,,,,,,,,,,,,,,,,1.075944,36.60591,-109.39241,278.8,6.0,29.670768,A410,POINT (-109.39241 36.60591),0.0,3.0,0.0
29,18760,22.0,-109.4,36.6,12842,2000026,USGSBREIT,Pan American Petroleum Corporation,,,2000000000000.0,,Colorado Plateau and Basin and Range,Black Mesa,590.0,Arizona,,Apache,1.0,Wildcat,04-768291,8-1 Navajo,,Conventional Hydrocarbon,WF,N 37  E 27  8,,,,,,,15/05/1965,,Dst No. 1,,,Precambrian,,Hermosa Lower,,400.0,Precambrian,,,4077.0,4143.0,4984.0,,,,Limestone,,,,1.042,1.042,,0.124,77.0,6.6,,,,,,,,mg/L,58209.0,58209.0,,,,0.0,,,,,,,,,,,,178.18,6085.0,,34907.0,,,,,,,,,,,,,,,,,727.32,,,,,,,,,,14977.71,,,,,,,,,,,1333.76,,,,,,,,,,,,,,,,,,,,,,,,,,,,,,,,,,,,,,,,,,,,,,,,,,,,1.2527279999999998,36.62309,-109.44745,278.8,6.0,33.560016,A539,POINT (-109.44745 36.62309),0.0,3.0,0.0
30,18761,22.0,-109.4,36.6,12843,2000027,USGSBREIT,Pan American Petroleum Corporation,,,2000000000000.0,,Colorado Plateau and Basin and Range,Black Mesa,590.0,Arizona,,Apache,1.0,Wildcat,04-768291,6-1 Navajo-8805,,Conventional Hydrocarbon,WF,N 36  E 28  6,,,,,,,20/12/1964,,Dst #5,,,Precambrian,,Devonian Mccracken Basal,,341.0,Precambrian,,,4150.0,4210.0,4344.0,5993.0,,,Dolomite,,,,1.042,1.042,,0.126,77.0,6.4,,,,,,,,mg/L,55490.0,55490.0,,,,0.0,,,,,,,,,,,,279.26,5397.0,,33031.4,,,,,,,,,,,,,,,,,787.75,,,,,,,,,,14535.9,,,,,,,,,,,1458.8,,,,,,,,,,,,,,,,,,,,,,,,,,,,,,,,,,,,,,,,,,,,,,,,,,,,1.274064,36.56298,-109.37729,278.8,6.0,34.029408,A561,POINT (-109.37729 36.56298),0.0,3.0,0.0
31,18762,22.0,-109.4,36.6,12844,2000028,USGSBREIT,Pan American Petroleum Corporation,,,2000000000000.0,,Colorado Plateau and Basin and Range,Black Mesa,590.0,Arizona,,Apache,1.0,Wildcat,04-768291,6-1 Navajo-8805,,Conventional Hydrocarbon,WF,N 36  E 28  6,,,,,,,14/12/1964,,Dst #3,,,Precambrian,,Devonian Mccracken,,341.0,Precambrian,,,4033.0,4066.0,4344.0,5993.0,,,Sandstone,,,,1.01,1.01,,0.52,77.0,7.3,,,,,,,,mg/L,12210.0,12210.0,,,,0.0,,,,,,,,,,,,537.32,561.56,,5908.5,,,,,,,,,,,,,,,,,141.4,,,,,,,,,,3749.12,,,,,,,,,,,1313.0,,,,,,,,,,,,,,,,,,,,,,,,,,,,,,,,,,,,,,,,,,,,,,,,,,,,1.2342875999999998,36.56298,-109.37729,278.8,6.0,33.1543272,A522,POINT (-109.37729 36.56298),0.0,3.0,0.0
32,18763,22.0,-109.4,36.6,12845,2000029,USGSBREIT,Pan American Petroleum Corporation,,,2000000000000.0,,Colorado Plateau and Basin and Range,Black Mesa,590.0,Arizona,,Apache,1.0,Wildcat,04-768291,#6-1 Navajo-8805,,Conventional Hydrocarbon,WF,N 36  E 28  6,,,,,,,12/12/1964,,Dst #2,,,Precambrian,,Mississippian Lower Devon,,341.0,Precambrian,,,3773.0,3883.0,4344.0,5993.0,,,Limestone,,,,1.042,1.042,,0.125,77.0,7.3,,,,,,,,mg/L,57396.0,57396.0,,,,0.0,,,,,,,,,,,,779.42,2209.0,,33239.8,,,,,,,,,,,,,,,,,508.5,,,,,,,,,,19096.73,,,,,,,,,,,1563.0,,,,,,,,,,,,,,,,,,,,,,,,,,,,,,,,,,,,,,,,,,,,,,,,,,,,1.1667744,36.56298,-109.37729,278.8,6.0,31.6690368,A476,POINT (-109.37729 36.56298),0.0,3.0,0.0
33,18764,22.0,-109.4,36.6,12846,2000030,USGSBREIT,Pan American Petroleum Corporation,,,2000000000000.0,,Colorado Plateau and Basin and Range,Black Mesa,590.0,Arizona,,Apache,1.0,Wildcat,04-768291,6-1 Navajo-8805,,Conventional Hydrocarbon,WF,N 36  E 28  6,,,,,,,09/12/1964,,Dst #1,,,Precambrian,,Mississippian,,400.0,Precambrian,,,3640.0,3708.0,4344.0,5993.0,,,Limestone,,,,1.043,1.043,,0.124,77.0,6.2,,,,,,,,mg/L,58685.0,58685.0,,,,0.0,,,,,,,,,,,,114.73,5736.0,,34940.5,,,,,,,,,,,,,,,,,597.64,,,,,,,,,,15731.57,,,,,,,,,,,1564.5,,,,,,,,,,,,,,,,,,,,,,,,,,,,,,,,,,,,,,,,,,,,,,,,,,,,1.1198352,36.56298,-109.37729,278.8,6.0,30.6363744,A440,POINT (-109.37729 36.56298),0.0,3.0,0.0
34,18765,21.0,-110.8,36.6,12861,2000045,USGSBREIT,Sinclair Prairie Oil Company,,,2010000000000.0,,Colorado Plateau and Basin and Range,Great Basin,635.0,Arizona,,Coconino,5.0,unknown_field_1206,,Navajo Tribal #1,,Conventional Hydrocarbon,WF,N 37  E 14  28,,,,,,,14/10/1952,,Dst #4,,,Cambrian,,,,370.0,Paleozoic,Cambrian,,5730.0,5780.0,7212.0,6609.0,,,,,,,1.005,1.005,60.08,1.776,76.0,9.32,71.6,,,,,,,mg/L,3570.0,3570.0,,,,2.1,,,,,,,,,,,66.33,840.18,72.36,,1026.11,,,,,,,,,,,,,,110.55,,,32.16,,,,,,,,,,1018.07,,,,,,,,,,,405.02,,,,,,,,,,,,,,,,,,,,,,,,,,,,,,,,,,,,,,,,,,,,,,,,,,,,1.7541239999999998,36.59038,-110.83208,278.1,5.0,41.836604,,POINT (-110.83208 36.59038),0.0,3.0,0.0
35,18766,21.0,-110.8,36.6,12862,2000046,USGSBREIT,Sinclair Prairie Oil Company,,,2010000000000.0,,Colorado Plateau and Basin and Range,Great Basin,635.0,Arizona,,Coconino,5.0,unknown_field_1207,,#1 Navajo Tribal,,Conventional Hydrocarbon,WF,N 37  E 14  28,,,,,,,08/10/1952,,Dst #1,,,Cambrian,,,,370.0,Paleozoic,Cambrian,,7085.0,7211.0,7212.0,6609.0,,,,,,,1.029,1.029,60.08,0.194,74.0,7.27,73.4,,,,,,,mg/L,36896.0,36896.0,,,,0.0,,,,,,,,,,,,797.48,987.84,,18315.17,,,,,,,,,,,,,,607.11,,,120.39,,,,,,,,,,12261.56,,,,,,,,,,,3784.66,,,,,,,,22.64,,,,,,,,,,,,,,,,,,,,,,,,,,,,,,,,,,,,,,,,,,,,2.1787104,36.59038,-110.83208,278.1,5.0,50.7529184,,POINT (-110.83208 36.59038),0.0,3.0,0.0
36,19074,25.0,-109.1,36.7,12841,2000025,USGSBREIT,Pan American Petroleum Corporation,,,2000000000000.0,,Colorado Plateau and Basin and Range,Black Mesa,590.0,Arizona,,Apache,1.0,Wildcat,,1 Navajo Tribal Af,,Conventional Hydrocarbon,WF,N 38  E 30  12,,,,,,,20/08/1968,,Dst No. 3,,,Mississippian,,000 Sill,,330.0,Paleozoic,Mississippian,,4000.0,4049.0,4809.0,5881.0,,,,,,,1.045,1.045,69.0,0.132,77.0,6.8,,,,,,,,mg/L,54304.0,54304.0,,,,0.0,,,,,,,,,,,,104.0,17200.0,,33500.0,,,,,,,,,,,,,,21.0,,,171.0,,,,,,,,,,2208.0,,,,,,,,,,,1100.0,,,,,,,,,,,,,,,,,,,,,,,,,,,,,,,,,,,,,,,,,,,,,,,,,,,,1.2266676,36.71661,-109.07813,278.9,6.0,36.66669,A629,POINT (-109.07813 36.71661),0.0,3.0,0.0
37,19075,20.9,-112.8,36.7,148165,100898,NATCARB,2007_05_08_great_basin_brine CHEMID: 34986,,,,,Colorado Plateau and Basin and Range,Great Basin,,Arizona,2.0,,15.0,unknown_field_1379,,NWIS Well B-39-05 36ADC,,Geothermal,,39 N 5 W 36,,,,,,,11/08/1976,,,,,,,,,,,,,,45.0,,,,Site Type: Well; Site Area: ,,,,,1.001,,59.0,,59.0,7.3,59.0,,,59.0,,,,ppm,2160.0,,,,,7.9,,,,0.19,,,,,,,,,470.0,,8.6,,,,,0.6,,,,,,,,,10.0,,,150.0,,,,,,,,,,19.0,,,,,,,,,,,1500.0,,,,,,,,,,,,,,,,,,,,,,,,,,,,,,,,,,,,,,,,,,,,,,,,,X,,,0.0137159999999999,36.73804,-112.77548,278.1,5.0,5.2866644,,POINT (-112.77548 36.73804),0.0,3.0,0.0
38,19237,23.2,-112.8,36.8,138186,90908,NATCARB,2007_05_08_great_basin_brine CHEMID: 35001,,,,,Colorado Plateau and Basin and Range,Great Basin,,Arizona,2.0,,15.0,unknown_field_1395,,NWIS Well B-39-05 03ABA,,Geothermal,,39 N 5 W 3,,,,,,,06/08/1976,,,,,,,,,,,,,,45.0,,,,Site Type: Well; Site Area: ,,,,,1.0,,63.0,,63.0,7.6,63.0,,,63.0,,,,ppm,635.0,,,,,13.9,,,,0.16,,,,,,,,,140.0,,20.0,,,,,0.5,,,,,,,,,1.9,,,40.0,,,,,,,,,,33.0,,,,,,,,,,,400.0,,,,,,,,,,,,,,,,,,,,,,,,,,,,,,,,,,,,,,,,,,,,,,,,,,,,0.0137159999999999,36.8161,-112.81493,278.5,5.0,5.3182112,,POINT (-112.81493 36.8161),0.0,3.0,0.0
39,19238,21.0,-112.9,36.8,148166,100899,NATCARB,2007_05_08_great_basin_brine CHEMID: 34995,,,,,Colorado Plateau and Basin and Range,Great Basin,,Arizona,2.0,,15.0,unknown_field_1396,,NWIS Well B-39-05 18DCB,,Geothermal,,39 N 5 W 18,,,,,,,07/08/1976,,,,,,,,,,,,,,45.0,,,,Site Type: Well; Site Area: ,,,,,1.0,,61.0,,61.0,7.2,61.0,,,61.0,,,,ppm,820.0,,,,,-11.1,,,,0.27,,,,,,,,,140.0,,140.0,,,,,0.4,,,,,,,,,6.2,,,43.0,,,,,,,,,,11.0,,,,,,,,,,,480.0,,,,,,,,,,,,,,,,,,,,,,,,,,,,,,,,,,,,,,,,,,,,,,,,,,,,0.0137159999999999,36.7761,-112.87021,278.9,6.0,6.288036,,POINT (-112.87021 36.7761),0.0,3.0,0.0
40,19239,18.8,-113.0,36.8,121729,14953,NATCARB,2007_05_08_great_basin_brine CHEMID: 35010,,,,,Colorado Plateau and Basin and Range,Great Basin,,Arizona,2.0,,15.0,unknown_field_1397,,NWIS Well B-40-06 30AAA,,Geothermal,,40 N 6 W 30,,,,,,,05/08/1976,,,,,,,,,,,,,,290.0,,,,Site Type: Well; Site Area: ,,,,,1.001,,64.0,,64.0,6.6,64.0,,,64.0,,,,ppm,2111.0,,,,,5.9,,,,0.1,,,,,,,,,570.0,,47.0,,,,,0.3,,,,,,,,,5.8,,,50.0,,,,,,,,,,36.0,,,,,,,,,,,1400.0,,,,,,,,,,,,,,,,,,,,,,,,,,,,,,,,,,,,,,,,,,,,,,,,,,,,0.088392,36.8461,-112.97299,278.3,5.0,6.6617696,,POINT (-112.97299 36.8461),0.0,3.0,0.0
41,19240,18.8,-113.0,36.8,148160,100893,NATCARB,2007_05_08_great_basin_brine CHEMID: 35003,,,,,Colorado Plateau and Basin and Range,Great Basin,,Arizona,2.0,,15.0,unknown_field_1398,,NWIS Well B-40-06 32AAA,,Geothermal,,40 N 6 W 32,,,,,,,07/08/1976,,,,,,,,,,,,,,300.0,,,,Site Type: Well; Site Area: ,,,,,1.0,,64.0,,64.0,5.9,64.0,,,64.0,,,,ppm,1312.0,,,,,3.0,,,,0.12,,,,,,,,,320.0,,39.0,,,,,0.3,,,,,,,,,4.5,,,40.0,,,,,,,,,,29.0,,,,,,,,,,,880.0,,,,,,,,,,,,,,,,,,,,,,,,,,,,,,,,,,,,,,,,,,,,,,,,,,,,0.09144,36.8311,-112.95466,278.3,5.0,6.719072,,POINT (-112.95466 36.8311),0.0,3.0,0.0
42,19241,14.5,-113.2,36.8,153098,105841,NATCARB,2007_05_08_great_basin_brine CHEMID: 34998,,,,,Colorado Plateau and Basin and Range,Great Basin,,Arizona,2.0,,15.0,unknown_field_1399,,NWIS Well B-39-08 05ADB,,Geothermal,,39 N 8 W 5,,,,,,,11/08/1976,,,,,,,,,,,,,,202.0,,,,Site Type: Well; Site Area: ,,,,,1.001,,63.0,,63.0,7.6,63.0,,,63.0,,,,ppm,2592.0,,,,,3.5,,,,0.77,,,,,,,,,550.0,,27.0,,,,,0.2,0.02,,,,,,,,17.0,,,120.0,,,,,,,,,,75.0,,,,,,,,,,,1800.0,,,,,,,,,,,,,,,,,,,,,,,,,,,,,,,,,,,,,,,,,,,,,,,,,,,,0.0615695999999999,36.81193,-113.17244,279.0,6.0,6.8927592,,POINT (-113.17244 36.81193),0.0,3.0,0.0
43,19242,29.4,-114.0,36.8,116181,7195,NATCARB,2007_05_08_great_basin_brine CHEMID: 34993,,,,,Colorado Plateau and Basin and Range,Great Basin,,Arizona,2.0,,15.0,unknown_field_1400,,NWIS Well B-39-16 14CCC,,Geothermal,,39 N 16 W 14,,,,,,,04/11/1976,,,,,,,,,,,,,,490.0,,,,Site Type: Well; Site Area: ,,,,,1.0,,,,,7.9,,,,,,,,ppm,628.0,,,,,10.7,,,,0.33,,,,,,,,,55.0,,110.0,,,,,0.9,0.02,,,,,,,,4.1,,,29.0,,,,,,,,,,140.0,,,,,,,,,,,290.0,,,,,,,,,,,,,,,,,,,,,,,,,,,,,,,,,,,,,,,,,,,,,,,,,,,,0.1493519999999999,36.77303,-113.99858,286.6,13.0,17.3909488,,POINT (-113.99858 36.77303),0.0,3.0,0.0
44,19243,29.4,-114.0,36.8,116182,7196,NATCARB,2007_05_08_great_basin_brine CHEMID: 34994,,,,,Colorado Plateau and Basin and Range,Great Basin,,Arizona,2.0,,15.0,unknown_field_1401,,NWIS Well B-39-16 14CCC,,Geothermal,,39 N 16 W 14,,,,,,,07/02/1991,,,,,,,,,,,,,,490.0,,,,Site Type: Well; Site Area: ,,,,,1.0,,81.0,,81.0,8.0,81.0,,,81.0,,,,ppm,636.0,,,,,9.3,,,,0.37,,,,,,,,,61.0,,120.0,,,,,0.8,0.014,,,,,,,,3.8,,,31.0,0.006,,,,,,,,,130.0,,,,,,,,,,,290.0,,,,,,,,,,,,,,,,,,,,,,,,,,,,,,,,,,,,,,,,,,,,,,,,,,,,0.1493519999999999,36.77303,-113.99858,286.6,13.0,17.3909488,,POINT (-113.99858 36.77303),0.0,3.0,0.0
45,19244,29.4,-114.0,36.8,143172,95898,NATCARB,2007_05_08_great_basin_brine CHEMID: 35000,,,,,Colorado Plateau and Basin and Range,Great Basin,,Arizona,2.0,,15.0,unknown_field_1402,,NWIS Well B-39-16 04AAB,,Geothermal,,39 N 16 W 4,,,,,,,04/11/1976,,,,,,,,,,,,,,200.0,,,,Site Type: Well; Site Area: ,,,,,1.0,,75.0,,75.0,7.5,75.0,,,75.0,,,,ppm,1609.0,,,,,7.4,,,,0.48,,,,,,,,,220.0,,280.0,,,,,0.7,,,,,,,,,15.0,,,94.0,,,,,,,,,,210.0,,,,,,,,,,,790.0,,,,,,,,,,,,,,,,,,,,,,,,,,,,,,,,,,,,,,,,,,,,,,,,,,,,0.0609599999999999,36.81442,-114.02163,286.6,13.0,14.792224,,POINT (-114.02163 36.81442),0.0,3.0,0.0
46,19462,26.0,-109.1,36.9,12829,2000011,USGSBREIT,Stanolind Oil And Gas Company,,,2000000000000.0,,Colorado Plateau and Basin and Range,Black Mesa,590.0,Arizona,,Apache,1.0,Wildcat,04-768291,1-z Navajo,,Conventional Hydrocarbon,WFD,N 41  E 30  36,,,,,,,20/04/1960,,Dst #6,,,Precambrian,,Mississippian,,400.0,Precambrian,,,6334.0,6387.0,6997.0,5274.0,,,,,,,1.006,1.0065,,0.094,80.0,6.1,,,,,,,,mg/L,89172.0,89172.0,,,,0.0,,,,,,,,,,,,380.46,7583.0,,54249.34,,,,,,,,,,,,,,,,,1215.85,,,,,,,,,,24796.13,,,,,,,,,,,947.12,,,,,,,,,,,,,,,,,,,,,,,,,,,,,,,,,,,,,,,,,,,,,,,,,,,,1.9386804,36.91364,-109.08125,280.5,7.0,57.4056904,A1498,POINT (-109.08125 36.91364),0.0,3.0,0.0
47,19463,26.0,-109.1,36.9,12830,2000012,USGSBREIT,Stanolind Oil And Gas Company,,,2000000000000.0,,Colorado Plateau and Basin and Range,Black Mesa,590.0,Arizona,,Apache,1.0,Wildcat,04-768291,1 Z Navajo,,Conventional Hydrocarbon,WFD,N 41  E 30  36,,,,,,,05/05/1960,,Dst 12,,,Precambrian,,Devonian Cambrian Precamb,,370.0,Precambrian,,,6810.0,6997.0,6997.0,5274.0,,,,,,,1.087,1.087,,0.087,55.0,6.3,,,,,,,,mg/L,131194.0,131194.0,,,,0.0,,,,,,,,,,,,740.25,15031.0,,80561.92,,,,,,,,,,,,,,,,,1740.29,,,,,,,,,,32371.95,,,,,,,,,,,748.94,,,,,,,,,,,,,,,,,,,,,,,,,,,,,,,,,,,,,,,,,,,,,,,,,,,,2.1041868,36.91364,-109.08125,280.5,7.0,61.7088568,A1660,POINT (-109.08125 36.91364),0.0,3.0,0.0
48,19464,26.0,-109.1,36.9,12832,2000014,USGSBREIT,Pan American Petroleum Corporation,,,2000000000000.0,,Colorado Plateau and Basin and Range,Black Mesa,590.0,Arizona,,Apache,1.0,Bita Peak,04-066926,1,,Conventional Hydrocarbon,WOE,N 41  E 30  23,,,,,,12/07/1963,06/06/1963,,Dst No. 4,,,109 Pcmb,,Mississipian,,328.0,Paleozoic,Pennsylvanian,Morrow,5048.0,6240.0,6805.0,5088.0,,,,,,,1.057,1.057,,0.091,77.0,6.35,,,,,,,,mg/L,84613.0,84613.0,,,,0.0,,,,,,,,,,,,780.07,8382.0,,50599.65,,,,,,,,,,,,,,,,,1438.58,,,,,,,,,,21637.85,,,,,,,,,,,1775.76,,,,,,,,,,,,,,,,,,,,,,,,,,,,,,,,,,,,,,,,,,,,,,,,,,,,1.7202912,36.93871,-109.09338,280.5,7.0,51.7275712,,POINT (-109.09338 36.93871),0.0,3.0,0.0
49,19465,26.0,-109.1,36.9,12833,2000015,USGSBREIT,Pan American Petroleum Corporation,,,2000000000000.0,,Colorado Plateau and Basin and Range,Black Mesa,590.0,Arizona,,Apache,1.0,Bita Peak,04-066926,1,,Conventional Hydrocarbon,WOE,N 41  E 30  23,,,,,,12/07/1963,06/06/1963,,Dst No. 4,,,109 Pcmb,,Mississipian,,328.0,Paleozoic,Pennsylvanian,Morrow,6048.0,6240.0,6805.0,5088.0,,,,,,,1.073,1.073,,0.0748,77.0,6.5,,,,,,,,mg/L,112044.0,112044.0,,,,0.6,,,,,,,,,,,,1570.87,11473.0,,67725.61,,,,,,,,,,,,,,,,,1746.84,,,,,,,,,,28540.73,,,,,,,,,,,,,,,,,,,,,,,,,,,,,,,,,,,,,,,,,,,,,,,,,,,,,,,,,,,,,,,1.8726912,36.93871,-109.09338,280.5,7.0,55.6899712,,POINT (-109.09338 36.93871),0.0,3.0,0.0
50,19466,26.0,-109.1,36.9,12834,2000018,USGSBREIT,Pan American Petroleum Corporation,,,2000000000000.0,,Colorado Plateau and Basin and Range,Black Mesa,590.0,Arizona,,Apache,1.0,Bita Peak,04-066926,Navajo-o No 1,,Conventional Hydrocarbon,WOE,N 41  E 30  23,,,,,,12/07/1963,30/05/1963,,Dst No. 3,,,109 Pcmb,,Barker Creek,,328.0,Paleozoic,Pennsylvanian,Morrow,5457.0,5536.0,6805.0,5088.0,,,,,,,1.017,1.017,,0.244,77.0,7.35,,,,,,,,mg/L,28290.0,28290.0,,,,0.0,,,,,,,,,,,,594.95,1669.0,,13973.58,,,,,,,,,,,,,,,,,556.3,,,,,,,,,,7997.69,,,,,,,,,,,3498.48,,,,,,,,,,,,,,,,,,,,,,,,,,,,,,,,,,,,,,,,,,,,,,,,,,,,1.6753332,36.93871,-109.09338,280.5,7.0,50.5586632,,POINT (-109.09338 36.93871),0.0,3.0,0.0
51,19467,24.0,-109.2,36.9,12831,2000013,USGSBREIT,Pan American Petroleum Corporation,,,2000000000000.0,,Colorado Plateau and Basin and Range,Black Mesa,590.0,Arizona,,Apache,1.0,Wildcat,,1 Miami-fed 4154,,Conventional Hydrocarbon,WF,N 41  E 30  30,,,,,,,12/12/1967,,Dst No. 4,,,Lynch Dol.,,Lynch Cambrian,,372.0,Paleozoic,Cambrian,Croixian,6600.0,6635.0,6635.0,5353.0,,,Dolomite,,,,1.072,1.072,72.0,0.078,77.0,6.2,,,,,,,,mg/L,98230.0,98230.0,,,,-0.8,,,,,,,,,,,,1320.0,7960.0,,58900.0,,,,,,,,,,,,,,1445.0,,,1050.0,,,,,,,,,,26585.0,,,,,,,,,,,970.0,,,,,,,,,,,,,,,,,,,,,,,,,,,,,,,,,,,,,,,,,,,,,,,,,,,,2.017014,36.93601,-109.16598,279.6,6.0,54.408336000000006,A1344,POINT (-109.16598 36.93601),0.0,3.0,0.0
52,19468,24.0,-109.2,36.9,12858,2000042,USGSBREIT,,,,2000000000000.0,,Colorado Plateau and Basin and Range,Black Mesa,590.0,Arizona,,Apache,1.0,Wildcat,,Navajo No. C-1,,Conventional Hydrocarbon,WF,N 41  E 29  29,,,,,,,06/02/1961,,Dst #1,,,Cambrian,,Paradox,,370.0,Paleozoic,Cambrian,,5216.0,5231.0,6749.0,5446.0,,,,,,,1.047,1.047,60.0,0.035,68.0,7.2,,,,,,,,mg/L,63480.0,63480.0,,,,-0.1,,,,,,,,,,,,960.0,200.0,,37000.0,,,,,,,,,,,,,,,,,50.0,,,,,,,,,,24430.0,,,,,,,,,,,890.0,,,,,,,,,,,,,,,,,,,,,,,,,,,,,,,,,,,,,,,,,,,,,,,,,,,,1.5921227999999998,36.92482,-109.24754,279.6,6.0,44.21094719999999,A950,POINT (-109.24754 36.92482),0.0,3.0,0.0
53,19469,24.0,-109.2,36.9,12859,2000043,USGSBREIT,Stanolind Oil And Gas Company,,,2000000000000.0,,Colorado Plateau and Basin and Range,Black Mesa,590.0,Arizona,,Apache,1.0,Wildcat,04-768291,1-c Navajo,,Conventional Hydrocarbon,WF,N 41  E 29  29,,,,,,,05/01/1961,,Drill Stem,,,Cambrian,,Paradox,,370.0,Paleozoic,Cambrian,,5216.0,5231.0,6749.0,5446.0,,,,,,,1.146,1.146,,0.119,77.0,6.95,,,,,,,,mg/L,69846.0,69846.0,,,,0.1,,,,,,,,,,,,838.87,1986.0,,40434.32,,,,,,,,,,,,,,,,,797.62,,,,,,,,,,23757.73,,,,,,,,,,,2043.32,,,,,,,,,,,,,,,,,,,,,,,,,,,,,,,,,,,,,,,,,,,,,,,,,,,,1.5921227999999998,36.92482,-109.24754,279.6,6.0,44.21094719999999,A950,POINT (-109.24754 36.92482),0.0,3.0,0.0
54,19470,24.0,-109.2,36.9,12889,2000073,USGSBREIT,,,,2000000000000.0,,Colorado Plateau and Basin and Range,Black Mesa,590.0,Arizona,,Apache,1.0,Toh-ah-tin,04-711053,Moko Navajo #1,,Conventional Hydrocarbon,WF,N 40  E 29  15,,,,,,,04/06/1962,,,,,Precambrian,,Mississippian,,400.0,Precambrian,,,5665.0,5739.0,5868.0,6076.0,,,Dolomite,,,,1.017,1.017,60.0,0.292,75.0,6.81,,,,,,,,mg/L,23042.0,23042.0,,,,-0.4,,,,,,,,,,,,1198.03,1269.0,,11349.72,,,,,,,,,,,,,,351.88,,22.37,286.79,,,,,,,,,,6486.43,,,,,,,,,,,2034.0,,,,,,,,43.73,,,,,,,,,,,,,,,,,,,,,,,,,,,,,,,,,,,,,,,,,,,,1.7379696,36.87302,-109.22088,279.6,6.0,47.7112704,AXO0,POINT (-109.22088 36.87302),0.0,3.0,0.0
55,19471,24.0,-109.2,36.9,12890,2000074,USGSBREIT,Stanolind Oil And Gas Company,,,2000000000000.0,,Colorado Plateau and Basin and Range,Black Mesa,590.0,Arizona,,Apache,1.0,Tin-ah-tin,04-711053,1 Moko Navajo,,Conventional Hydrocarbon,WF,N 40  E 29  15,,,,,,,12/04/1962,,Dst No. 4,,,Precambrian,,Mississippian,,400.0,Precambrian,,,5665.0,5730.0,5868.0,6076.0,,,,,,,1.017,1.017,,0.319,77.0,6.3,,,,,,,,mg/L,22291.0,22291.0,,,,0.0,,,,,,,,,,,,1121.75,1261.0,,10747.66,,,,,,,,,,,,,,,,,278.66,,,,,,,,,,6543.38,,,,,,,,,,,2339.1,,,,,,,,,,,,,,,,,,,,,,,,,,,,,,,,,,,,,,,,,,,,,,,,,,,,1.736598,36.87302,-109.22088,279.6,6.0,47.678352,,POINT (-109.22088 36.87302),0.0,3.0,0.0
56,19472,24.0,-109.2,36.9,12891,2000075,USGSBREIT,Chemical & Geological Laboratories,,,2000000000000.0,,Colorado Plateau and Basin and Range,Black Mesa,590.0,Arizona,,Apache,1.0,Toh-ah-tin,04-711053,1 Moko,,Conventional Hydrocarbon,WF,N 40  E 29  15,,,,,,,23/04/1962,,Dst,,,Precambrian,,Mississippian,,400.0,Precambrian,,,5665.0,5739.0,5868.0,6076.0,,,,,,,1.012,,,0.39,68.0,7.0,,,,,,,,ppm,18627.0,18406.0,,,,0.0,,,,,,,,,,,,1013.0,1026.0,,9500.0,,,,,,,,,,,,,,,,,225.0,,,,,,,,,,5656.0,,,,,,,,,,,1500.0,,,,,,,,,,,,,,,,,,,,,,,,,,,,,,,,,,,,,,,,,,,,,,,,,,,,1.7379696,36.87302,-109.22088,279.6,6.0,47.7112704,AXO0,POINT (-109.22088 36.87302),0.0,3.0,0.0
57,19473,24.0,-109.3,36.9,12836,2000020,USGSBREIT,Stanolind Oil And Gas Company,,,2000000000000.0,,Colorado Plateau and Basin and Range,Black Mesa,590.0,Arizona,,Apache,1.0,Undesignated,,1,,Conventional Hydrocarbon,WFD,N 40  E 28  6,,,,,,,25/07/1962,,Separator,,,Devonian,,Paradox Akah,,325.0,Paleozoic,Devonian,,6422.0,6467.0,7359.0,6593.0,,,,,,,1.039,1.039,,0.14,77.0,7.0,,,,,,,,mg/L,54367.0,54367.0,,,,0.0,,,,,,,,,,,,798.99,5132.0,,30764.79,,,,,,,,,,,,,,,,,265.98,,,,,,,,,,15015.63,,,,,,,,,,,2389.7,,,,,,,,,,,,,,,,,,,,,,,,,,,,,,,,,,,,,,,,,,,,,,,,,,,,1.9642836,36.90256,-109.29891,279.0,6.0,53.1428064,AYR0,POINT (-109.29891 36.90256),0.0,3.0,0.0
58,19474,24.0,-109.3,36.9,12837,2000021,USGSBREIT,Stanolind Oil And Gas Company,,,2000000000000.0,,Colorado Plateau and Basin and Range,Black Mesa,590.0,Arizona,,Apache,1.0,Wildcat,04-768291,1 Navajo Tribal F,,Conventional Hydrocarbon,WFD,N 40  E 28  6,,,,,,,24/06/1962,,Dst No. 8,,,Devonian,,Mississippian,,340.0,Paleozoic,Devonian,,7110.0,7142.0,7359.0,6593.0,,,,,,,1.04,1.04,,0.135,77.0,6.1,,,,,,,,mg/L,56694.0,56694.0,,,,0.0,,,,,,,,,,,,1420.64,3598.0,,32639.36,,,,,,,,,,,,,,,,,789.36,,,,,,,,,,16790.8,,,,,,,,,,,1456.0,,,,,,,,,,,,,,,,,,,,,,,,,,,,,,,,,,,,,,,,,,,,,,,,,,,,2.1720048,36.90256,-109.29891,279.0,6.0,58.1281152,A1523,POINT (-109.29891 36.90256),0.0,3.0,0.0
59,19475,24.0,-109.3,36.9,12860,2000044,USGSBREIT,,,,2000000000000.0,,Colorado Plateau and Basin and Range,Black Mesa,590.0,Arizona,,Apache,1.0,Boundary Butte East,04-83326,Navajo Tract 138 No. 1,,Conventional Hydrocarbon,WOE,N 40  E 28  11,,,,,,,10/08/1959,,Separator,,,Precambrian,,Mississippian,,400.0,Precambrian,,,5566.0,5589.0,6080.0,5951.0,,,Dolomite,,,,1.024,1.024,60.0,0.274,68.0,7.2,,,,,,,,mg/L,28700.0,28700.0,,,,0.0,,,,,,,,,,,,250.0,2110.0,,16200.0,,,,,,,,,,,,,,,,,572.0,,,,,,,,,,7880.0,,,,,,,,,,,1650.0,,,,,,,,,,,,,,,,,,,,,,,,,,,,,,,,,,,,,,,,,,,,,,,,,,,,1.700022,36.89462,-109.30311,279.0,6.0,46.800528,AXP0,POINT (-109.30311 36.89462),0.0,3.0,0.0
60,19476,22.0,-109.4,36.9,12886,2000070,USGSBREIT,Stanolind Oil And Gas Company,,,2000000000000.0,,Colorado Plateau and Basin and Range,Black Mesa,590.0,Arizona,,Apache,1.0,Wildcat,04-768291,1 Navajo,,Conventional Hydrocarbon,WF,N 40  E 28  18,,,,,,,10/10/1959,,Swabbing,,,Mississippian,,Paradox,,330.0,Paleozoic,Mississippian,,5891.0,5901.0,6913.0,,,,,,,,1.036,1.036,,0.14,77.0,6.8,,,,,,,,mg/L,53710.0,53710.0,,,,0.0,,,,,,,,,,,,480.7,3529.0,,31226.08,,,,,,,,,,,,,,,,,638.18,,,,,,,,,,16044.53,,,,,,,,,,,1791.24,,,,,,,,,,,,,,,,,,,,,,,,,,,,,,,,,,,,,,,,,,,,,,,,,,,,1.7971008,36.88044,-109.38944,279.3,6.0,45.5362176,A1016,POINT (-109.38944 36.88044),0.0,3.0,0.0
61,19477,22.0,-109.4,36.9,12887,2000071,USGSBREIT,Stanolind Oil And Gas Company,,,2000000000000.0,,Colorado Plateau and Basin and Range,Black Mesa,590.0,Arizona,,Apache,1.0,Wildcat,04-768291,1 Navajo,,Conventional Hydrocarbon,WF,N 40  E 28  18,,,,,,,10/10/1959,,Swabbing,,,Mississippian,,Paradox,,330.0,Paleozoic,Mississippian,,5934.0,6916.0,6913.0,,,,,,,,1.035,1.035,,0.147,77.0,7.0,,,,,,,,mg/L,52114.0,52114.0,,,,0.0,,,,,,,,,,,,529.92,3733.0,,30278.93,,,,,,,,,,,,,,,,,600.3,,,,,,,,,,15251.76,,,,,,,,,,,1720.17,,,,,,,,,,,,,,,,,,,,,,,,,,,,,,,,,,,,,,,,,,,,,,,,,,,,1.95834,36.88044,-109.38944,279.3,6.0,49.08348,A1149,POINT (-109.38944 36.88044),0.0,3.0,0.0
62,19478,22.0,-109.4,36.9,12888,2000072,USGSBREIT,Chem Lab,,,2000000000000.0,,Colorado Plateau and Basin and Range,Black Mesa,590.0,Arizona,,Apache,1.0,Wildcat,04-768291,Navajo No. 1,,Conventional Hydrocarbon,WF,N 40  E 28  18,,,,,,,30/09/1959,,Dst No. 4,,,Mississippian,,Mississippian,,330.0,Paleozoic,Mississippian,,6201.0,6351.0,6913.0,,,,,,,,1.037,,,0.155,68.0,6.9,,,,,,,,ppm,55626.0,53641.0,,,,0.0,,,,,,,,,,,,403.0,5586.0,,32200.0,,,,,,,,,,,,,,,,,924.0,,,,,,,,,,13479.0,,,,,,,,,,,1254.0,,,,,,,,,,,,,,,,,,,,,,,,,,,,,,,,,,,,,,,,,,,,,,,,,,,,1.9129248,36.88044,-109.38944,279.3,6.0,48.0843456,A1113,POINT (-109.38944 36.88044),0.0,3.0,0.0
63,19479,27.0,-109.6,36.9,12835,2000019,USGSBREIT,Pan American Petroleum Corporaion,,,2000000000000.0,,Colorado Plateau and Basin and Range,Black Mesa,590.0,Arizona,,Apache,1.0,Wildcat,04-768291,1 Navajo,,Conventional Hydrocarbon,WF,N 41  E 26  31,,,,,,,19/12/1964,,Dst No. 2,,,Aneth,,000 Prdx,,341.0,Paleozoic,Devonian,Upper Devonian,5075.0,5092.0,6500.0,5124.0,,,,,,,1.016,1.016,,0.315,77.0,7.3,,,,,,,,mg/L,20957.0,20957.0,,,,0.0,,,,,,,,,,,,423.67,792.48,,10464.8,,,,,,,,,,,,,,,,,322.07,,,,,,,,,,6566.41,,,,,,,,,,,2387.6,,,,,,,,,,,,,,,,,,,,,,,,,,,,,,,,,,,,,,,,,,,,,,,,,,,,1.5494508,36.911,-109.60303,279.2,6.0,47.8351716,A1098,POINT (-109.60303 36.911),0.0,3.0,0.0
64,19480,27.0,-109.6,36.9,12838,2000022,USGSBREIT,Stanolind Oil And Gas Company,,,2000000000000.0,,Colorado Plateau and Basin and Range,Black Mesa,590.0,Arizona,,Apache,1.0,Wildcat,04-768291,1 Navajo-190,,Conventional Hydrocarbon,WF,N 40  E 26  20,,,,,,,05/11/1959,,Dst,,,Hermosa,,Mccracken Devonian,,341.0,Paleozoic,Pennsylvanian,,6066.0,6134.0,6424.0,,,,,,,,1.04,1.04,,0.195,50.0,6.7,,,,,,,,mg/L,53934.0,53934.0,,,,0.0,,,,,,,,,,,,1281.28,1104.0,,26368.16,,,,,,,,,,,,,,,,,754.0,,,,,,,,,,17985.76,,,,,,,,,,,6440.72,,,,,,,,,,,,,,,,,,,,,,,,,,,,,,,,,,,,,,,,,,,,,,,,,,,,1.85928,36.85573,-109.57205,279.2,6.0,56.20056,A1432,POINT (-109.57205 36.85573),0.0,3.0,0.0
65,19481,27.0,-109.6,36.9,12839,2000023,USGSBREIT,Stanolind Oil And Gas Company,,,2000000000000.0,,Colorado Plateau and Basin and Range,Black Mesa,590.0,Arizona,,Apache,1.0,Wildcat,04-768291,1 Navajo-190,,Conventional Hydrocarbon,WF,N 40  E 26  20,,,,,,,05/11/1959,,Dst,,,Hermosa,,Mccracken Devonian,,341.0,Paleozoic,Pennsylvanian,,6066.0,6134.0,6424.0,,,,,,,,1.037,1.037,,0.193,50.0,7.0,,,,,,,,mg/L,54208.0,54208.0,,,,0.0,,,,,,,,,,,,1240.25,1074.0,,26475.65,,,,,,,,,,,,,,,,,557.91,,,,,,,,,,18437.86,,,,,,,,,,,6422.14,,,,,,,,,,,,,,,,,,,,,,,,,,,,,,,,,,,,,,,,,,,,,,,,,,,,1.85928,36.85573,-109.57205,279.2,6.0,56.20056,A1432,POINT (-109.57205 36.85573),0.0,3.0,0.0
66,19482,27.0,-109.6,36.9,12871,2000055,USGSBREIT,"Sinclair Research Laboratories, Inc.",,,2000000000000.0,,Colorado Plateau and Basin and Range,Black Mesa,590.0,Arizona,,Apache,1.0,Wildcat,,Tohlacon #1,,Conventional Hydrocarbon,WF,N 40  E 25  11,,,,,,,06/01/1959,,,,,Precambrian,,Hermosa,,400.0,Precambrian,,,4826.0,4896.0,6598.0,5307.0,,,Limestone,,,,1.04,1.04,60.08,0.148,76.0,6.45,76.0,,,,,,,mg/L,51145.0,51145.0,,,,-0.1,,,,,,,,,,,,951.6,4742.0,,28762.24,,,,,,,,,,,,,,,,2.08,783.12,,,,,,,,,,13273.52,,,,,,,,,,,2561.52,,,,,,,,,,,,,,,,,,,,,,,,,,,,,,,,,,,,,,,,,,,,,,,,,,,,1.4816328,36.88786,-109.62613,279.2,6.0,46.0040856,A1038,POINT (-109.62613 36.88786),0.0,3.0,0.0
67,19483,27.0,-109.6,36.9,12872,2000056,USGSBREIT,"Sinclair Research Laboratories, Inc.",,,2000000000000.0,,Colorado Plateau and Basin and Range,Black Mesa,590.0,Arizona,,Apache,1.0,Wildcat,,Tohlacon #1,,Conventional Hydrocarbon,WF,N 40  E 25  11,,,,,,,06/01/1959,,Swab,,,Precambrian,,Hermosa Upper,,320.0,Precambrian,,,4016.0,4024.0,6598.0,5307.0,,,,,,,1.064,1.064,60.08,0.099,76.0,6.2,76.0,,,,,,,mg/L,85624.0,85624.0,,,,-0.1,,,,,,,,,,,,1609.83,21535.0,,52816.96,,,,,,,,,,,,,,,,3.19,1603.45,,,,,,,,,,7380.97,,,,,,,,,,,628.82,,,,,,,,,,,,,,,,,,,,,,,,,,,,,,,,,,,,,,,,,,,,,,,,,,,,1.225296,36.88786,-109.62613,279.2,6.0,39.082992,A731,POINT (-109.62613 36.88786),0.0,3.0,0.0
68,19484,27.0,-109.6,36.9,12873,2000057,USGSBREIT,"Sinclair Research Laboratories, Inc.",,,2000000000000.0,,Colorado Plateau and Basin and Range,Black Mesa,590.0,Arizona,,Apache,1.0,Wildcat,,Tohlacon Navajo #1,,Conventional Hydrocarbon,WF,N 40  E 25  11,,,,,,,05/01/1959,,,,,Precambrian,,Hermosa Lower,,400.0,Precambrian,,,5190.0,5212.0,6598.0,5307.0,,,Limestone,,,,1.045,1.045,60.08,0.128,79.0,6.2,79.0,,,,,,,mg/L,57427.0,57427.0,,,,-0.2,,,,,,,,,,,,497.42,5057.0,,33717.97,,,,,,,,,,,,,,,,28.22,1040.82,,,,,,,,,,15011.43,,,,,,,,,,,1903.99,,,,,,,,170.34,,,,,,,,,,,,,,,,,,,,,,,,,,,,,,,,,,,,,,,,,,,,1.5852647999999998,36.88786,-109.62613,279.2,6.0,48.80214959999999,A1138,POINT (-109.62613 36.88786),0.0,3.0,0.0
69,19485,27.0,-109.6,36.9,12874,2000058,USGSBREIT,"Sinclair Research Laboratories, Inc.",,,2000000000000.0,,Colorado Plateau and Basin and Range,Black Mesa,590.0,Arizona,,Apache,1.0,Wildcat,,Navajo #1 Tohlacon,,Conventional Hydrocarbon,WF,N 40  E 25  11,,,,,,,05/01/1959,,,,,Precambrian,,Akah K,,325.0,Precambrian,,,4942.0,4960.0,6598.0,5307.0,,,,,,,1.033,1.033,60.08,0.176,79.0,6.7,79.0,,,,,,,mg/L,42106.0,42106.0,,,,0.0,,,,,,,,,,,,441.09,1776.0,,22250.82,,,,,,,,,,,,,,,,2.07,401.84,,,,,,,,,,13518.87,,,,,,,,,,,3663.02,,,,,,,,51.65,,,,,,,,,,,,,,,,,,,,,,,,,,,,,,,,,,,,,,,,,,,,1.5090648,36.88786,-109.62613,279.2,6.0,46.7447496,A1065,POINT (-109.62613 36.88786),0.0,3.0,0.0
70,19486,27.0,-109.6,36.9,12875,2000059,USGSBREIT,"Sinclair Research Laboratories, Inc.",,,2000000000000.0,,Colorado Plateau and Basin and Range,Black Mesa,590.0,Arizona,,Apache,1.0,Wildcat,,Tohlacon #1,,Conventional Hydrocarbon,WF,N 40  E 25  11,,,,,,,22/12/1958,,,,,Precambrian,,000 Anth,,400.0,Precambrian,,,6230.0,6253.0,6598.0,5307.0,,,Dolomite,,,,1.044,1.044,60.08,0.128,,5.7,79.0,,,,,,,mg/L,56830.0,56830.0,,,,-8.9,,,,,,,,,,,,428.04,1753.0,,33778.62,,,,,,,,,,,,,,,,39.67,1090.98,,,,,,,,,,14983.49,,,,,,,,,,,1562.87,,,,,,,,60.55,,,,,,,,,,,,,,,,,,,,,,,,,,,,,,,,,,,,,,,,,,,,1.9024092,36.88786,-109.62613,279.2,6.0,57.3650484,A1497,POINT (-109.62613 36.88786),0.0,3.0,0.0
71,19487,27.0,-109.6,36.9,12876,2000060,USGSBREIT,"Sinclair Research Laboratories, Inc.",,,2000000000000.0,,Colorado Plateau and Basin and Range,Black Mesa,590.0,Arizona,,Apache,1.0,Wildcat,,Sinclair - Phillips - Tohlacon #1 Pan. Am,,Conventional Hydrocarbon,WF,N 40  E 25  11,,,,,,,22/12/1958,,,,,Precambrian,,Mississippian,,400.0,Precambrian,,,5489.0,5528.0,6598.0,5307.0,,,Limestone,,,,1.041,1.041,60.08,0.142,79.0,5.94,79.0,,,,,,,mg/L,52146.0,52146.0,,,,-0.3,,,,,,,,,,,,698.51,6121.0,,30451.33,,,,,,,,,,,,,,,,26.03,606.9,,,,,,,,,,12514.9,,,,,,,,,,,1661.44,,,,,,,,,,,,,,,,,,,,,,,,,,,,,,,,,,,,,,,,,,,,,,,,,,,,1.6789908,36.88786,-109.62613,279.2,6.0,51.3327516,A1228,POINT (-109.62613 36.88786),0.0,3.0,0.0
72,19488,27.0,-109.6,36.9,12877,2000061,USGSBREIT,Stanolind Oil And Gas Company,,,2000000000000.0,,Colorado Plateau and Basin and Range,Black Mesa,590.0,Arizona,,Apache,1.0,Wildcat,04-768291,1 Keoh-lacon-na,,Conventional Hydrocarbon,WF,N 40  E 25  11,,,,,,,18/12/1958,,Flow Line,,,Precambrian,,Paradox,,400.0,Precambrian,,,5194.0,5216.0,6598.0,5307.0,,,,,,,1.041,1.041,,,,7.4,,,,,,,,mg/L,59512.0,59512.0,,,,0.0,,,,,,,,,,,,139.49,5277.0,,35437.72,,,,,,,,,,,,,,,,,923.37,,,,,,,,,,16049.1,,,,,,,,,,,1685.38,,,,,,,,,,,,,,,,,,,,,,,,,,,,,,,,,,,,,,,,,,,,,,,,,,,,1.586484,36.88786,-109.62613,279.2,6.0,48.835068,A1141,POINT (-109.62613 36.88786),0.0,3.0,0.0
73,19489,27.0,-109.6,36.9,12878,2000062,USGSBREIT,Stanolind Oil And Gas Company,,,2000000000000.0,,Colorado Plateau and Basin and Range,Black Mesa,590.0,Arizona,,Apache,1.0,Wildcat,04-768291,1 Keoh-lacon-na,,Conventional Hydrocarbon,WF,N 40  E 25  11,,,,,,,17/12/1958,,Flow Line,,,Precambrian,,Paradox,,400.0,Precambrian,,,5296.0,5332.0,6598.0,5307.0,,,,,,,1.037,1.037,,,,7.5,,,,,,,,mg/L,53766.0,53766.0,,,,0.0,,,,,,,,,,,,328.73,4814.0,,31624.35,,,,,,,,,,,,,,,,,763.23,,,,,,,,,,14505.56,,,,,,,,,,,1729.72,,,,,,,,,,,,,,,,,,,,,,,,,,,,,,,,,,,,,,,,,,,,,,,,,,,,1.6197072,36.88786,-109.62613,279.2,6.0,49.7320944,A1171,POINT (-109.62613 36.88786),0.0,3.0,0.0
74,19490,27.0,-109.6,36.9,12879,2000063,USGSBREIT,Stanolind Oil And Gas Company,,,2000000000000.0,,Colorado Plateau and Basin and Range,Black Mesa,590.0,Arizona,,Apache,1.0,Wildcat,04-768291,1 Keoh-lacon-na,,Conventional Hydrocarbon,WF,N 40  E 25  11,,,,,,,30/10/1958,,Dst No. 13,,,Precambrian,,Paradox,,400.0,Precambrian,,,5195.0,5300.0,6598.0,5307.0,,,,,,,1.038,1.038,,,,7.2,,,,,,,,mg/L,55402.0,55402.0,,,,0.0,,,,,,,,,,,,263.65,4603.0,,32574.52,,,,,,,,,,,,,,,,,859.46,,,,,,,,,,15226.42,,,,,,,,,,,1874.63,,,,,,,,,,,,,,,,,,,,,,,,,,,,,,,,,,,,,,,,,,,,,,,,,,,,1.599438,36.88786,-109.62613,279.2,6.0,49.184826,A1153,POINT (-109.62613 36.88786),0.0,3.0,0.0
75,19491,27.0,-109.6,36.9,12880,2000064,USGSBREIT,Stanolind Oil And Gas Company,,,2000000000000.0,,Colorado Plateau and Basin and Range,Black Mesa,590.0,Arizona,,Apache,1.0,Wildcat,04-768291,1 Keoh-lacon-na,,Conventional Hydrocarbon,WF,N 40  E 25  11,,,,,,,19/12/1958,,,,,Precambrian,,Paradox,,400.0,Precambrian,,,4942.0,4960.0,6598.0,5307.0,,,,,,,1.035,1.035,,,,7.5,,,,,,,,mg/L,49806.0,49806.0,,,,0.0,,,,,,,,,,,,199.76,3520.0,,30828.51,,,,,,,,,,,,,,,,,1268.91,,,,,,,,,,13754.12,,,,,,,,,,,234.95,,,,,,,,,,,,,,,,,,,,,,,,,,,,,,,,,,,,,,,,,,,,,,,,,,,,1.5090648,36.88786,-109.62613,279.2,6.0,46.7447496,A1065,POINT (-109.62613 36.88786),0.0,3.0,0.0
76,19492,27.0,-109.6,36.9,12881,2000065,USGSBREIT,Stanolind Oil And Gas Company,,,2000000000000.0,,Colorado Plateau and Basin and Range,Black Mesa,590.0,Arizona,,Apache,1.0,Wildcat,04-768291,1 Keoh-lacon-na,,Conventional Hydrocarbon,WF,N 40  E 25  11,,,,,,,27/10/1958,,Dst No. 11,,,Precambrian,,Paradox,,400.0,Precambrian,,,5105.0,5197.0,6598.0,5307.0,,,Limestone,,,,1.038,1.038,,,,7.4,,,,,,,,mg/L,56085.0,56085.0,,,,0.0,,,,,,,,,,,,102.76,4659.0,,33126.73,,,,,,,,,,,,,,,,,871.92,,,,,,,,,,15440.25,,,,,,,,,,,1883.97,,,,,,,,,,,,,,,,,,,,,,,,,,,,,,,,,,,,,,,,,,,,,,,,,,,,1.5700248,36.88786,-109.62613,279.2,6.0,48.3906696,A1124,POINT (-109.62613 36.88786),0.0,3.0,0.0
77,19493,27.0,-109.6,36.9,12882,2000066,USGSBREIT,Stanolind Oil And Gas Company,,,2000000000000.0,,Colorado Plateau and Basin and Range,Black Mesa,590.0,Arizona,,Apache,1.0,Wildcat,04-768291,1 Keoh-lacon-na,,Conventional Hydrocarbon,WF,N 40  E 25  11,,,,,,,17/12/1958,,,,,Precambrian,,Mississippian,,400.0,Precambrian,,,5489.0,5528.0,6598.0,5307.0,,,,,,,1.044,1.044,,,,7.3,,,,,,,,mg/L,61737.0,61737.0,,,,0.0,,,,,,,,,,,,197.32,9164.0,,37390.86,,,,,,,,,,,,,,,,,882.18,,,,,,,,,,12782.74,,,,,,,,,,,1320.66,,,,,,,,,,,,,,,,,,,,,,,,,,,,,,,,,,,,,,,,,,,,,,,,,,,,1.6789908,36.88786,-109.62613,279.2,6.0,51.3327516,A1228,POINT (-109.62613 36.88786),0.0,3.0,0.0
78,19494,27.0,-109.6,36.9,12883,2000067,USGSBREIT,Stanolind Oil And Gas Company,,,2000000000000.0,,Colorado Plateau and Basin and Range,Black Mesa,590.0,Arizona,,Apache,1.0,Wildcat,04-768291,1 Keoh-lacon-na,,Conventional Hydrocarbon,WF,N 40  E 25  11,,,,,,,14/11/1958,,Dst No. 18,,,Precambrian,,Mississippian,,400.0,Precambrian,,,5736.0,5890.0,6598.0,5307.0,,,,,,,1.042,1.042,,,,7.3,,,,,,,,mg/L,62412.0,62412.0,,,,0.0,,,,,,,,,,,,243.83,5875.0,,37319.23,,,,,,,,,,,,,,,,,894.04,,,,,,,,,,16588.64,,,,,,,,,,,1491.1,,,,,,,,,,,,,,,,,,,,,,,,,,,,,,,,,,,,,,,,,,,,,,,,,,,,1.7718024,36.88786,-109.62613,279.2,6.0,53.8386648,A1314,POINT (-109.62613 36.88786),0.0,3.0,0.0
79,19495,27.0,-109.6,36.9,12884,2000068,USGSBREIT,Stanolind Oil And Gas Company,,,2000000000000.0,,Colorado Plateau and Basin and Range,Black Mesa,590.0,Arizona,,Apache,1.0,Wildcat,04-768291,1 Keoh-lacon-na,,Conventional Hydrocarbon,WF,N 40  E 25  11,,,,,,,29/11/1958,,Dst No. 24,,,Precambrian,,Devonian,,400.0,Precambrian,,,6286.0,6362.0,6598.0,5307.0,,,,,,,1.044,1.044,,,,7.5,,,,,,,,mg/L,62551.0,62551.0,,,,0.0,,,,,,,,,,,,175.39,5268.0,,37390.86,,,,,,,,,,,,,,,,,945.86,,,,,,,,,,17231.22,,,,,,,,,,,1539.9,,,,,,,,,,,,,,,,,,,,,,,,,,,,,,,,,,,,,,,,,,,,,,,,,,,,1.9275552,36.88786,-109.62613,279.2,6.0,58.04399039999999,A1518,POINT (-109.62613 36.88786),0.0,3.0,0.0
80,19496,27.0,-109.6,36.9,12885,2000069,USGSBREIT,Stanolind Oil And Gas Company,,,2000000000000.0,,Colorado Plateau and Basin and Range,Black Mesa,590.0,Arizona,,Apache,1.0,Wildcat,04-768291,1 Keoh-lacon-na,,Conventional Hydrocarbon,WF,N 40  E 25  11,,,,,,,16/12/1958,,Flowline,,,Precambrian,,Devonian,,400.0,Precambrian,,,6230.0,6253.0,6598.0,5307.0,,,,,,,1.04,1.04,,,,7.2,,,,,,,,mg/L,57826.0,57826.0,,,,0.0,,,,,,,,,,,,149.76,5037.0,,34665.28,,,,,,,,,,,,,,,,,1124.24,,,,,,,,,,15356.64,,,,,,,,,,,1492.4,,,,,,,,,,,,,,,,,,,,,,,,,,,,,,,,,,,,,,,,,,,,,,,,,,,,1.9024092,36.88786,-109.62613,279.2,6.0,57.3650484,A1497,POINT (-109.62613 36.88786),0.0,3.0,0.0
81,19497,25.5,-112.8,36.9,143179,95905,NATCARB,2007_05_08_great_basin_brine CHEMID: 35037,,,,,Colorado Plateau and Basin and Range,Great Basin,,Arizona,2.0,,15.0,unknown_field_1437,,NWIS Well B-40-04 06AAC,,Geothermal,,40 N 4 W 6,,,,,,,22/07/1975,,,,,,,,,,,,,,202.0,,,,Site Type: Well; Site Area: ,,,,,,,,,,7.4,,,,,,,,ppm,,,,,,9.6,,,,,,,,,,,,,229.0,,329.0,,,,,0.2,,,,,,,,,,,,37.0,,,,,,,,,,,,,,,,,,,,,128.0,,,,,,,,,,,,,,,,,,,,,,,,,,,,,,,,,,,,,,,,,,,,,,,,,,,,0.0615695999999999,36.90082,-112.75854,281.1,8.0,9.5700248,,POINT (-112.75854 36.90082),0.0,3.0,0.0
82,19498,21.1,-113.0,36.9,148164,100897,NATCARB,2007_05_08_great_basin_brine CHEMID: 35055,,,,,Colorado Plateau and Basin and Range,Great Basin,,Arizona,2.0,,15.0,unknown_field_1438,,NWIS Well B-41-07 23ADA,,Geothermal,,41 N 7 W 23,,,,,,,12/08/1976,,,,,,,,,,,,,,65.0,,,,Site Type: Well; Site Area: ,,,,,1.0,,62.0,,62.0,7.2,62.0,,,62.0,,,,ppm,790.0,,,,,13.6,,,,0.13,,,,,,,,,160.0,,150.0,,,,,0.2,0.02,,,,,,,,3.9,,,59.0,,,,,,,,,,57.0,,,,,,,,,,,360.0,,,,,,,,,,,,,,,,,,,,,,,,,,,,,,,,,,,,,,,,,,,,,,,,,,,,0.019812,36.94332,-113.01105,278.5,5.0,5.4180332,,POINT (-113.01105 36.94332),0.0,3.0,0.0
83,19499,18.9,-113.1,36.9,163094,115853,NATCARB,2007_05_08_great_basin_brine CHEMID: 35032,,,,,Colorado Plateau and Basin and Range,Great Basin,,Arizona,2.0,,15.0,unknown_field_1439,,NWIS Well B-40-07 04CCC,,Geothermal,,40 N 7 W 4,,,,,,,11/08/1976,,,,,,,,,,,,,,300.0,,,,Site Type: Well; Site Area: ,,,,,1.001,,64.0,,64.0,7.3,64.0,,,64.0,,,,ppm,3064.0,,,,,3.3,,,,0.49,,,,,,,,,530.0,,83.0,,,,,0.5,0.02,,,,,,,,7.5,,,200.0,,,,,,,,,,140.0,,,,,,,,,,,2100.0,,,,,,,,,,,,,,,,,,,,,,,,,,,,,,,,,,,,,,,,,,,,,,,,,,,,0.09144,36.89082,-113.06049,279.0,6.0,7.728216,,POINT (-113.06049 36.89082),0.0,3.0,0.0
84,19500,16.8,-113.2,36.9,130448,24974,NATCARB,2007_05_08_great_basin_brine CHEMID: 35027,,,,,Colorado Plateau and Basin and Range,Great Basin,,Arizona,2.0,,15.0,unknown_field_1440,,NWIS Well B-40-08 17DCB,,Geothermal,,40 N 8 W 17,,,,,,,12/08/1976,,,,,,,,,,,,,,16.0,,,,Site Type: Well; Site Area: ,,,,,1.002,,59.0,,59.0,7.4,59.0,,,59.0,,,,ppm,3296.0,,,,,3.0,,,,0.61,,,,,,,,,500.0,,130.0,,,,,0.5,,,,,,,,,9.5,,,200.0,,,,,,,,,,250.0,,,,,,,,,,,2200.0,,,,,,,,,,,,,,,,,,,,,,,,,,,,,,,,,,,,,,,,,,,,,,,,,,,,0.0048768,36.86387,-113.17633,279.0,6.0,6.08193024,,POINT (-113.17633 36.86387),0.0,3.0,0.0
85,19501,25.8,-113.9,36.9,143150,95876,NATCARB,2007_05_08_great_basin_brine CHEMID: 35042,,,,,Colorado Plateau and Basin and Range,Great Basin,,Arizona,2.0,,15.0,unknown_field_1441,,NWIS Well B-41-15 33CAB,,Geothermal,,41 N 15 W 33,,,,,,,03/11/1976,,,,,,,,,,,,,,98.0,,,,Site Type: Well; Site Area: ,,,,,1.0,,,,,7.2,,,,,,,,ppm,1701.0,,,,,9.0,,,,0.91,,,,,,,,,240.0,,360.0,,,,,0.4,,,,,,,,,12.0,,,99.0,,,,,,,,,,240.0,,,,,,,,,,,750.0,,,,,,,,,,,,,,,,,,,,,,,,,,,,,,,,,,,,,,,,,,,,,,,,,,,,0.0298704,36.91053,-113.93219,286.8,14.0,14.77065632,,POINT (-113.93219 36.91053),0.0,3.0,0.0
86,19502,25.8,-113.9,36.9,143163,95889,NATCARB,2007_05_08_great_basin_brine CHEMID: 35040,,,,,Colorado Plateau and Basin and Range,Great Basin,,Arizona,2.0,,15.0,unknown_field_1442,,NWIS Well B-41-15 33CBD1,,Geothermal,,41 N 15 W 33,,,,,,,14/11/1967,,,,,,,,,,,,,,90.0,,,,Site Type: Well; Site Area: ,,,,,,,,,,7.9,,,,,,,,ppm,,,,,,-6.1,,,,,,,,,,,,,193.0,,254.0,,,,,,,,,,,,,,,,,79.0,,,,,,,,,,,,,,,,,,,,,531.0,,,,,,,,,,,,,,,,,,,,,,,,,,,,,,,,,,,,,,,,,,,,,,,,,,,,0.0274319999999999,36.90831,-113.93219,286.8,14.0,14.7077456,,POINT (-113.93219 36.90831),0.0,3.0,0.0
87,19503,25.8,-113.9,36.9,143169,95895,NATCARB,2007_05_08_great_basin_brine CHEMID: 35038,,,,,Colorado Plateau and Basin and Range,Great Basin,,Arizona,2.0,,15.0,unknown_field_1443,,NWIS Well B-40-15 03ABB,,Geothermal,,40 N 15 W 3,,,,,,,16/11/1967,,,,,,,,,,,,,,105.0,,,,Site Type: Well; Site Area: ,,,,,,,,,,7.6,,,,,,,,ppm,,,,,,-9.1,,,,,,,,,,,,,450.0,,430.0,,,,,,,,,,,,,,,,,120.0,,,,,,,,,,,,,,,,,,,,,1280.0,,,,,,,,,,,,,,,,,,,,,,,,,,,,,,,,,,,,,,,,,,,,,,,,,,,,0.032004,36.90164,-113.90135,286.8,14.0,14.8257032,,POINT (-113.90135 36.90164),0.0,3.0,0.0
88,19577,25.0,-109.2,37.0,12850,2000034,USGSBREIT,Chemical & Geological Laboratories,,,2000000000000.0,,Colorado Plateau and Basin and Range,Black Mesa,590.0,Arizona,,Apache,1.0,"Anido Creek, South",,Navajo 335 No. 1,,Conventional Hydrocarbon,WFD,N 41  E 29  4,,,,,,,23/01/1968,,,,,Mississippian,,Akah Permian,,325.0,Paleozoic,Mississippian,,5360.0,5375.0,6173.0,5218.0,,,,,,,,,,0.0865,68.0,7.8,,,,,,,,mg/L,106834.0,106834.0,,,,0.0,,,,,,,,,,,,695.0,8505.0,,65000.0,,,,,,,,,,,,,,800.0,,,2058.0,,,,,,,,,,28882.0,,,,,,,,,,,1247.0,,,,,,,,,,,,,,,,,,,,,,,,,,,,,,,,,,,,,,,,,,,,,,,,,,,,1.636014,36.98651,-109.23035,278.9,6.0,46.90035,,POINT (-109.23035 36.98651),0.0,3.0,0.0
89,19580,23.0,-109.3,37.0,12848,2000032,USGSBREIT,Chem Lab,,,2000000000000.0,,Colorado Plateau and Basin and Range,Black Mesa,590.0,Arizona,,Apache,1.0,"Boundary Butte, East",,No. 1,,Conventional Hydrocarbon,DG,N 41  E 29  6,,,,,,,29/06/1954,,Dst,,,Devonian,,Pennsylvanian,,340.0,Paleozoic,Devonian,,4884.0,4976.0,6490.0,5248.0,,,Dolomite,,,,1.047,,,0.12,68.0,5.8,,,,,,,,ppm,71545.0,68333.0,,,,0.0,,,,,,,,,,,,75.0,8190.0,,42000.0,,,,,,,,,,,,,,,,,2654.0,,,,,,,,,,13689.0,,,,,,,,,,,1764.0,,,,,,,,,,,,,,,,,,,,,,,,,,,,,,,,,,,,,,,,,,,,,,,,,,,,1.502664,36.98222,-109.26564,278.5,5.0,39.561272,AXW5,POINT (-109.26564 36.98222),0.0,3.0,0.0
90,19581,23.0,-109.3,37.0,12849,2000033,USGSBREIT,Chem Lab,,,2000000000000.0,,Colorado Plateau and Basin and Range,Black Mesa,590.0,Arizona,,Apache,1.0,"Boundary Butte, East",,#1 Navajo,,Conventional Hydrocarbon,DG,N 41  E 29  6,,,,,,,21/09/1954,,,,,Devonian,,Hermosa,,340.0,Paleozoic,Devonian,,4884.0,4976.0,6490.0,5248.0,,,,,,,1.037,,,0.17,68.0,6.5,,,,,,,,ppm,55973.0,53976.0,,,,0.0,,,,,,,,,,,,185.0,3003.0,,31000.0,,,,,,,,,,,,,,,,,853.0,,,,,,,,,,16377.0,,,,,,,,,,,2652.0,,,,,,,,,,,,,,,,,,,,,,,,,,,,,,,,,,,,,,,,,,,,,,,,,,,,1.502664,36.98222,-109.26564,278.5,5.0,39.561272,AXW5,POINT (-109.26564 36.98222),0.0,3.0,0.0
91,19582,23.0,-109.3,37.0,12851,2000035,USGSBREIT,Chem Lab,,,2000000000000.0,,Colorado Plateau and Basin and Range,Black Mesa,590.0,Arizona,,Apache,1.0,"Boundary Butte, East",,#2 Unit,,Conventional Hydrocarbon,WF,N 41  E 28  3,,,,,,,09/10/1954,,Dst #11,,,Cambrian,,Hermosa,,370.0,Paleozoic,Cambrian,,4740.0,4950.0,6339.0,,,,,,,,1.009,,,0.56,68.0,7.8,,,,,,,,ppm,14000.0,13875.0,,,,0.0,,,,,,,,,,,,4000.0,469.0,,5120.0,,,,,,,,,,,,,,,,,159.0,,,,,,,,,,4690.0,,,,,,,,,,,1467.0,,,,,,,,,,,,,,,,,,,,,,,,,,,,,,,,,,,,,,,,,,,,,,,,,,,,1.476756,36.98983,-109.32971,278.5,5.0,38.965388,AXW2,POINT (-109.32971 36.98983),0.0,3.0,0.0
92,19583,23.0,-109.3,37.0,12852,2000036,USGSBREIT,Chem Lab,,,2000000000000.0,,Colorado Plateau and Basin and Range,Black Mesa,590.0,Arizona,,Apache,1.0,"Boundary Butte, East",,Unit #2,,Conventional Hydrocarbon,WF,N 41  E 28  3,,,,,,,11/10/1954,,Test #12,,,Cambrian,,Hermosa,,370.0,Paleozoic,Cambrian,,4842.0,4850.0,6339.0,,,,,,,,1.025,,,0.21,68.0,6.5,,,,,,,,ppm,37550.0,36634.0,,,,0.0,,,,,,,,,,,,2340.0,987.0,,20300.0,,,,,,,,,,,,,,,,,432.0,,,,,,,,,,12634.0,,,,,,,,,,,1129.0,,,,,,,,,,,,,,,,,,,,,,,,,,,,,,,,,,,,,,,,,,,,,,,,,,,,1.4770607999999998,36.98983,-109.32971,278.5,5.0,38.9723984,AXW3,POINT (-109.32971 36.98983),0.0,3.0,0.0
93,19584,23.0,-109.3,37.0,12853,2000037,USGSBREIT,Chem Lab,,,2000000000000.0,,Colorado Plateau and Basin and Range,Black Mesa,590.0,Arizona,,Apache,1.0,"Boundary Butte, East",,#2 Unit,,Conventional Hydrocarbon,WF,N 41  E 28  3,,,,,,,16/10/1954,,Casing Test #13,,,Cambrian,,Hermosa,,370.0,Paleozoic,Cambrian,,4782.0,4806.0,6339.0,,,,,,,,1.015,,,0.37,68.0,7.4,,,,,,,,ppm,22576.0,22242.0,,,,0.0,,,,,,,,,,,,2700.0,420.0,,10700.0,,,,,,,,,,,,,,,,,233.0,,,,,,,,,,7850.0,,,,,,,,,,,1709.0,,,,,,,,,,,,,,,,,,,,,,,,,,,,,,,,,,,,,,,,,,,,,,,,,,,,1.4612112,36.98983,-109.32971,278.5,5.0,38.6078576,AXW1,POINT (-109.32971 36.98983),0.0,3.0,0.0
94,19585,23.0,-109.3,37.0,12854,2000038,USGSBREIT,Chem Lab,,,2000000000000.0,,Colorado Plateau and Basin and Range,Black Mesa,590.0,Arizona,,Apache,1.0,"Boundary Butte, East",,#2 Unit,,Conventional Hydrocarbon,WF,N 41  E 28  3,,,,,,,16/10/1954,,Casing Test #14,,,Cambrian,,Hermosa,,370.0,Paleozoic,Cambrian,,4745.0,4774.0,6339.0,,,,,,,,1.026,,,0.21,68.0,7.1,,,,,,,,ppm,38998.0,38010.0,,,,0.0,,,,,,,,,,,,2200.0,980.0,,21200.0,,,,,,,,,,,,,,,,,297.0,,,,,,,,,,13393.0,,,,,,,,,,,1057.0,,,,,,,,,,,,,,,,,,,,,,,,,,,,,,,,,,,,,,,,,,,,,,,,,,,,1.4506956,36.98983,-109.32971,278.5,5.0,38.3659988,AXW0,POINT (-109.32971 36.98983),0.0,3.0,0.0
95,19586,23.0,-109.3,37.0,12895,2000079,USGSBREIT,Chem Lab,,Latitude and Longitude are approximate,,,Colorado Plateau and Basin and Range,Black Mesa,590.0,Arizona,,Apache,1.0,"Boundry Butte, East",04-083326,Unit No. 23-11,,Conventional Hydrocarbon,,N 41  E 28  11,,,,,,,22/04/1959,,Dst No. 5,,,,,Desert Creek,,,,,,4876.0,5040.0,,,,,,,,,1.001,,,2.21,68.0,7.8,,,,,,,,ppm,3184.0,3181.0,,,,0.0,,,,,,,,,,,,805.0,42.0,,360.0,,,,,,,,,,,,,,,,,4.0,,,,,,,,,,1095.0,,,,,,,,,,,1284.0,,,,,,,,,,,,,,,,,,,,,,,,,,,,,,,,,,,,,,,,,,,,,,,,,,,,1.5111983999999998,36.977,-109.326,278.5,5.0,39.75756319999999,,POINT (-109.326 36.977),0.0,3.0,0.0
96,19587,23.0,-109.3,37.0,12896,2000080,USGSBREIT,Chem Lab,,Latitude and Longitude are approximate,,,Colorado Plateau and Basin and Range,Black Mesa,590.0,Arizona,,Apache,1.0,"Boundry Butte, East",04-083326,Unit 23-11,,Conventional Hydrocarbon,,N 41  E 28  11,,,,,,,21/04/1959,,Dst No. 6-a,,,,,Tohonadla Lower Hermosa,,,,,,5450.0,5513.0,,,,,,,,,1.067,,,0.088,68.0,6.5,,,,,,,,ppm,104747.0,98170.0,,,,-0.3,,,,,,,,,,,,976.0,7826.0,,60000.0,,,,,,,,,,,,,,,,,2379.0,,,,,,,,,,26205.0,,,,,,,,,,,1279.0,,678.0,,,,,,,,,,,,,,,,,,,,,,,,,,,,,,,,,,,,,,,,,,,,,,,,,,1.6707611999999998,36.977,-109.326,278.5,5.0,43.4275076,,POINT (-109.326 36.977),0.0,3.0,0.0
97,19588,23.0,-109.3,37.0,12897,2000081,USGSBREIT,Chem Lab,,Latitude and Longitude are approximate,,,Colorado Plateau and Basin and Range,Black Mesa,590.0,Arizona,,Apache,1.0,"Boundry Butte, East",04-083326,No. 23-11 Unit,,Conventional Hydrocarbon,,N 41  E 28  11,,,,,,,27/04/1959,,Dst 7a,,,,,Paradox Akah,,325.0,,,,5062.0,5126.0,,,,,,,,,1.038,,,0.14,68.0,7.0,,,,,,,,ppm,58544.0,56401.0,,,,0.0,,,,,,,,,,,,1891.0,2850.0,,33000.0,,,,,,,,,,,,,,,,,624.0,,,,,,,,,,18094.0,,,,,,,,,,,902.0,,,,,,,,,,,,,,,,,,,,,,,,,,,,,,,,,,,,,,,,,,,,,,,,,,,,1.5526512,36.977,-109.326,278.5,5.0,40.7109776,,POINT (-109.326 36.977),0.0,3.0,0.0
98,19603,22.2,-113.8,37.0,148156,100889,NATCARB,2007_05_08_great_basin_brine CHEMID: 35058,,,,,Colorado Plateau and Basin and Range,Great Basin,,Arizona,2.0,,15.0,unknown_field_1467,,NWIS Well B-41-14 14BCB,,Geothermal,,41 N 14 W 14,,,,,,,04/11/1976,,,,,,,,,,,,,,343.0,,,,Site Type: Well; Site Area: ,,,,,1.0,,,,,7.5,,,,,,,,ppm,1526.0,,,,,8.9,,,,0.52,,,,,,,,,240.0,,280.0,,,,,0.4,,,,,,,,,19.0,,,67.0,,,,,,,,,,210.0,,,,,,,,,,,710.0,,,,,,,,,,,,,,,,,,,,,,,,,,,,,,,,,,,,,,,,,,,,,,,,,,,,0.1045464,36.95553,-113.79052,285.4,12.0,14.32093008,,POINT (-113.79052 36.95553),0.0,3.0,0.0
99,19604,22.2,-113.8,37.0,148157,100890,NATCARB,2007_05_08_great_basin_brine CHEMID: 35059,,,,,Colorado Plateau and Basin and Range,Great Basin,,Arizona,2.0,,15.0,unknown_field_1468,,NWIS Well B-41-14 14BCB,,Geothermal,,41 N 14 W 14,,,,,,,07/02/1991,,,,,,,,,,,,,,343.0,,,,Site Type: Well; Site Area: ,,,,,1.0,,61.0,,61.0,7.7,61.0,,,61.0,,,,ppm,1500.0,,,,,6.1,,,,0.54,,,,,,,,,220.0,,290.0,,,,,0.4,0.02,,,,,,,,17.0,,,63.0,0.01,,,,,,,,,210.0,,,,,,,,,,,700.0,,,,,,,,,,,,,,,,,,,,,,,,,,,,,,,,,,,,,,,,,,,,,,,,,,,,0.1045464,36.95553,-113.79052,285.4,12.0,14.32093008,,POINT (-113.79052 36.95553),0.0,3.0,0.0
